02:17:55.140 Elfbot NG 4.5.9 - Entry Started on Montag Juni 02, 2025
02:17:55.140 HprProc Error #180 C0000005 18150057656C636F6D6520746F204E6F78696F75734F5421B4183000596F7572
02:17:55.140 HprProc Error #180 C0000005 183000596F7572206C61737420766973697420776173206F6E2053756E204A75
02:17:55.140 HprProc Error #180 C0000005 191A00596F7520617265206E6F742066756C6C7920626C657373656421B4125E
02:23:13.203 Elfbot NG 4.5.9 - Entry Started on Montag Juni 02, 2025
02:23:13.203 HprProc Error #180 C0000005 18150057656C636F6D6520746F204E6F78696F75734F5421B4183000596F7572
02:23:13.203 HprProc Error #180 C0000005 183000596F7572206C61737420766973697420776173206F6E2053756E204A75
<<<<<<< HEAD
21:50:42.015 Elfbot NG 4.5.9 - Entry Started on Freitag Juni 06, 2025
21:50:42.015 TickProc Error #401 C0000005
21:50:42.125 TickProc Error #401 C0000005
21:50:42.218 TickProc Error #401 C0000005
21:50:42.328 TickProc Error #401 C0000005
21:50:42.421 TickProc Error #401 C0000005
21:50:42.515 TickProc Error #401 C0000005
21:50:42.546 TickProc Error #401 C0000005
21:50:43.625 TickProc Error #401 C0000005
21:50:43.656 TickProc Error #401 C0000005
21:50:43.718 TickProc Error #401 C0000005
21:50:43.828 TickProc Error #401 C0000005
21:50:43.906 TickProc Error #401 C0000005
21:50:43.937 TickProc Error #401 C0000005
21:50:43.015 TickProc Error #401 C0000005
21:50:43.109 TickProc Error #401 C0000005
21:50:43.218 TickProc Error #401 C0000005
21:50:43.312 TickProc Error #401 C0000005
21:50:43.421 TickProc Error #401 C0000005
21:50:43.515 TickProc Error #401 C0000005
21:50:44.609 TickProc Error #401 C0000005
21:52:13.828 TickProc Error #401 C0000005
21:52:13.859 TickProc Error #401 C0000005
21:52:13.921 TickProc Error #401 C0000005
21:52:13.031 TickProc Error #401 C0000005
21:52:13.125 TickProc Error #401 C0000005
21:52:13.187 TickProc Error #401 C0000005
21:52:13.218 TickProc Error #401 C0000005
21:52:13.328 TickProc Error #401 C0000005
21:52:13.421 TickProc Error #401 C0000005
21:52:13.531 TickProc Error #401 C0000005
21:52:14.625 TickProc Error #401 C0000005
21:52:14.718 TickProc Error #401 C0000005
21:52:14.812 TickProc Error #401 C0000005
21:52:14.921 TickProc Error #401 C0000005
21:52:14.015 TickProc Error #401 C0000005
21:52:14.125 TickProc Error #401 C0000005
21:52:14.171 TickProc Error #401 C0000005
21:52:14.234 TickProc Error #401 C0000005
21:52:14.281 TickProc Error #401 C0000005
21:52:14.312 TickProc Error #401 C0000005
21:52:14.375 TickProc Error #401 C0000005
21:52:14.437 TickProc Error #401 C0000005
21:52:14.484 TickProc Error #401 C0000005
21:52:14.515 TickProc Error #401 C0000005
21:52:14.593 TickProc Error #401 C0000005
21:52:15.609 TickProc Error #401 C0000005
21:52:15.703 TickProc Error #401 C0000005
21:52:15.734 TickProc Error #401 C0000005
21:52:15.812 TickProc Error #401 C0000005
21:52:16.625 TickProc Error #401 C0000005
21:52:16.718 TickProc Error #401 C0000005
21:52:16.828 TickProc Error #401 C0000005
21:52:16.921 TickProc Error #401 C0000005
21:52:16.015 TickProc Error #401 C0000005
21:52:16.125 TickProc Error #401 C0000005
21:52:16.187 TickProc Error #401 C0000005
21:52:16.218 TickProc Error #401 C0000005
21:52:16.296 TickProc Error #401 C0000005
21:52:16.328 TickProc Error #401 C0000005
21:52:17.125 TickProc Error #401 C0000005
21:52:17.218 TickProc Error #401 C0000005
21:52:17.312 TickProc Error #401 C0000005
21:52:17.421 TickProc Error #401 C0000005
21:52:17.515 TickProc Error #401 C0000005
21:52:18.625 TickProc Error #401 C0000005
21:52:19.609 TickProc Error #401 C0000005
21:52:19.718 TickProc Error #401 C0000005
21:52:19.750 TickProc Error #401 C0000005
21:52:19.812 TickProc Error #401 C0000005
21:52:19.921 TickProc Error #401 C0000005
21:52:19.031 TickProc Error #401 C0000005
21:52:19.109 TickProc Error #401 C0000005
21:52:19.156 TickProc Error #401 C0000005
21:52:19.218 TickProc Error #401 C0000005
21:52:32.234 TickProc Error #401 C0000005
21:52:32.312 TickProc Error #401 C0000005
21:52:32.343 TickProc Error #401 C0000005
21:52:32.421 TickProc Error #401 C0000005
21:52:33.515 TickProc Error #401 C0000005
21:52:34.609 TickProc Error #401 C0000005
21:52:34.734 TickProc Error #401 C0000005
21:52:34.765 TickProc Error #401 C0000005
21:52:34.812 TickProc Error #401 C0000005
21:52:34.937 TickProc Error #401 C0000005
21:52:34.015 TickProc Error #401 C0000005
21:52:34.078 TickProc Error #401 C0000005
21:52:34.109 TickProc Error #401 C0000005
21:52:34.187 TickProc Error #401 C0000005
21:52:34.250 TickProc Error #401 C0000005
21:52:34.515 TickProc Error #401 C0000005
21:52:34.609 TickProc Error #401 C0000005
21:52:35.718 TickProc Error #401 C0000005
21:52:35.812 TickProc Error #401 C0000005
21:52:35.937 TickProc Error #401 C0000005
21:52:35.015 TickProc Error #401 C0000005
21:52:35.109 TickProc Error #401 C0000005
21:52:35.218 TickProc Error #401 C0000005
21:52:37.437 TickProc Error #401 C0000005
21:52:37.515 TickProc Error #401 C0000005
21:52:37.609 TickProc Error #401 C0000005
21:52:38.718 TickProc Error #401 C0000005
21:52:38.828 TickProc Error #401 C0000005
21:52:38.875 TickProc Error #401 C0000005
21:52:38.937 TickProc Error #401 C0000005
21:52:38.015 TickProc Error #401 C0000005
21:52:38.078 TickProc Error #401 C0000005
21:52:38.109 TickProc Error #401 C0000005
21:52:38.156 TickProc Error #401 C0000005
21:52:38.218 TickProc Error #401 C0000005
21:52:38.281 TickProc Error #401 C0000005
21:52:38.328 TickProc Error #401 C0000005
21:52:39.531 TickProc Error #401 C0000005
21:52:40.625 TickProc Error #401 C0000005
21:52:40.718 TickProc Error #401 C0000005
21:52:40.812 TickProc Error #401 C0000005
21:52:40.921 TickProc Error #401 C0000005
21:52:40.031 TickProc Error #401 C0000005
21:52:40.125 TickProc Error #401 C0000005
21:52:40.171 TickProc Error #401 C0000005
21:52:40.234 TickProc Error #401 C0000005
21:52:40.296 TickProc Error #401 C0000005
21:52:40.328 TickProc Error #401 C0000005
21:52:40.390 TickProc Error #401 C0000005
21:52:40.421 TickProc Error #401 C0000005
=======
<<<<<<< HEAD
=======
14:30:15.359 Elfbot NG 4.5.9 - Entry Started on Mittwoch Juni 04, 2025
14:30:15.359 HprProc Error #180 C0000005 18150057656C636F6D6520746F204E6F78696F75734F5421B4183000596F7572
14:30:15.359 HprProc Error #180 C0000005 183000596F7572206C61737420766973697420776173206F6E20547565204A75
>>>>>>> origin/Darashia-DL
16:30:44.406 Elfbot NG 4.5.9 - Entry Started on Freitag Juni 06, 2025
16:30:44.406 TickProc Error #401 C0000005
16:30:44.453 TickProc Error #401 C0000005
16:30:44.546 TickProc Error #401 C0000005
16:30:45.671 TickProc Error #401 C0000005
16:30:45.703 TickProc Error #401 C0000005
16:30:45.750 TickProc Error #401 C0000005
16:30:45.843 TickProc Error #401 C0000005
16:30:45.953 TickProc Error #401 C0000005
16:30:45.046 TickProc Error #401 C0000005
16:30:45.109 TickProc Error #401 C0000005
16:30:45.171 TickProc Error #401 C0000005
16:30:45.250 TickProc Error #401 C0000005
16:30:45.343 TickProc Error #401 C0000005
16:30:45.453 TickProc Error #401 C0000005
16:30:45.484 TickProc Error #401 C0000005
16:30:45.562 TickProc Error #401 C0000005
16:30:46.625 TickProc Error #401 C0000005
16:30:46.656 TickProc Error #401 C0000005
16:30:46.156 TickProc Error #401 C0000005
16:30:46.250 TickProc Error #401 C0000005
16:30:46.343 TickProc Error #401 C0000005
16:30:46.453 TickProc Error #401 C0000005
16:30:46.546 TickProc Error #401 C0000005
16:30:46.578 TickProc Error #401 C0000005
16:30:47.656 TickProc Error #401 C0000005
16:30:47.750 TickProc Error #401 C0000005
16:30:47.828 TickProc Error #401 C0000005
16:30:47.859 TickProc Error #401 C0000005
16:30:47.968 TickProc Error #401 C0000005
16:30:47.031 TickProc Error #401 C0000005
16:30:47.062 TickProc Error #401 C0000005
16:30:47.171 TickProc Error #401 C0000005
16:30:47.203 TickProc Error #401 C0000005
16:30:47.265 TickProc Error #401 C0000005
16:30:49.765 TickProc Error #401 C0000005
16:30:49.843 TickProc Error #401 C0000005
16:30:49.968 TickProc Error #401 C0000005
16:30:49.062 TickProc Error #401 C0000005
16:30:49.171 TickProc Error #401 C0000005
16:30:49.265 TickProc Error #401 C0000005
16:30:49.281 TickProc Error #401 C0000005
16:30:49.343 TickProc Error #401 C0000005
16:30:49.406 TickProc Error #401 C0000005
16:30:49.453 TickProc Error #401 C0000005
16:30:49.515 TickProc Error #401 C0000005
16:30:49.546 TickProc Error #401 C0000005
16:30:49.609 TickProc Error #401 C0000005
16:30:50.656 TickProc Error #401 C0000005
>>>>>>> DeeperBanuta
22:00:09.468 TickProc Error #401 C0000005
22:00:09.546 TickProc Error #401 C0000005
22:00:10.671 TickProc Error #401 C0000005
22:00:10.781 TickProc Error #401 C0000005
22:00:10.875 TickProc Error #401 C0000005
22:00:10.968 TickProc Error #401 C0000005
22:00:10.000 TickProc Error #401 C0000005
22:00:10.062 TickProc Error #401 C0000005
22:00:10.093 TickProc Error #401 C0000005
22:00:10.156 TickProc Error #401 C0000005
22:00:10.218 TickProc Error #401 C0000005
22:00:10.265 TickProc Error #401 C0000005
22:00:10.328 TickProc Error #401 C0000005
22:00:10.359 TickProc Error #401 C0000005
22:00:10.421 TickProc Error #401 C0000005
22:00:10.453 TickProc Error #401 C0000005
22:00:10.515 TickProc Error #401 C0000005
22:00:10.546 TickProc Error #401 C0000005
22:00:11.625 TickProc Error #401 C0000005
22:00:11.671 TickProc Error #401 C0000005
22:00:11.281 TickProc Error #401 C0000005
22:00:11.375 TickProc Error #401 C0000005
22:00:11.484 TickProc Error #401 C0000005
22:00:11.546 TickProc Error #401 C0000005
22:00:12.671 TickProc Error #401 C0000005
22:00:12.750 TickProc Error #401 C0000005
22:00:12.781 TickProc Error #401 C0000005
22:00:12.859 TickProc Error #401 C0000005
22:00:12.953 TickProc Error #401 C0000005
22:00:12.046 TickProc Error #401 C0000005
22:00:12.187 TickProc Error #401 C0000005
22:00:12.250 TickProc Error #401 C0000005
22:00:12.343 TickProc Error #401 C0000005
22:00:12.375 TickProc Error #401 C0000005
22:00:12.468 TickProc Error #401 C0000005
22:00:13.984 TickProc Error #401 C0000005
22:00:13.046 TickProc Error #401 C0000005
22:00:13.171 TickProc Error #401 C0000005
22:00:13.265 TickProc Error #401 C0000005
22:00:13.359 TickProc Error #401 C0000005
22:00:13.468 TickProc Error #401 C0000005
22:00:13.562 TickProc Error #401 C0000005
22:00:14.593 TickProc Error #401 C0000005
22:00:14.656 TickProc Error #401 C0000005
22:00:14.687 TickProc Error #401 C0000005
22:00:14.750 TickProc Error #401 C0000005
02:38:14.390 Elfbot NG 4.5.9 - Entry Started on Montag Juni 09, 2025
02:38:14.390 TickProc Error #401 C0000005
02:38:14.437 TickProc Error #401 C0000005
02:38:14.531 TickProc Error #401 C0000005
02:38:15.625 TickProc Error #401 C0000005
02:38:15.734 TickProc Error #401 C0000005
02:38:15.828 TickProc Error #401 C0000005
02:38:15.906 TickProc Error #401 C0000005
02:38:15.046 TickProc Error #401 C0000005
02:38:15.109 TickProc Error #401 C0000005
02:38:15.203 TickProc Error #401 C0000005
02:38:15.265 TickProc Error #401 C0000005
02:38:15.328 TickProc Error #401 C0000005
02:38:15.421 TickProc Error #401 C0000005
02:38:15.468 TickProc Error #401 C0000005
02:38:15.515 TickProc Error #401 C0000005
02:38:16.609 TickProc Error #401 C0000005
02:38:16.718 TickProc Error #401 C0000005
02:38:16.750 TickProc Error #401 C0000005
02:38:16.812 TickProc Error #401 C0000005
02:38:16.843 TickProc Error #401 C0000005
02:38:16.906 TickProc Error #401 C0000005
02:38:16.984 TickProc Error #401 C0000005
02:38:16.046 TickProc Error #401 C0000005
02:38:16.093 TickProc Error #401 C0000005
02:38:16.125 TickProc Error #401 C0000005
02:38:16.218 TickProc Error #401 C0000005
02:38:16.328 TickProc Error #401 C0000005
02:38:16.359 TickProc Error #401 C0000005
02:38:16.421 TickProc Error #401 C0000005
02:38:16.515 TickProc Error #401 C0000005
02:38:17.609 TickProc Error #401 C0000005
02:38:17.703 TickProc Error #401 C0000005
02:38:17.828 TickProc Error #401 C0000005
02:38:17.906 TickProc Error #401 C0000005
02:38:17.031 TickProc Error #401 C0000005
02:38:17.062 TickProc Error #401 C0000005
02:38:17.109 TickProc Error #401 C0000005
02:38:17.156 TickProc Error #401 C0000005
02:38:17.218 TickProc Error #401 C0000005
02:38:17.281 TickProc Error #401 C0000005
02:38:17.312 TickProc Error #401 C0000005
02:38:17.375 TickProc Error #401 C0000005
02:38:17.406 TickProc Error #401 C0000005
02:38:17.515 TickProc Error #401 C0000005
10:03:34.250 Elfbot NG 4.5.9 - Entry Started on Montag Juni 09, 2025
10:03:34.250 TickProc Error #401 C0000005
10:03:34.359 TickProc Error #401 C0000005
10:03:34.453 TickProc Error #401 C0000005
10:03:34.546 TickProc Error #401 C0000005
10:03:35.656 TickProc Error #401 C0000005
10:03:35.750 TickProc Error #401 C0000005
10:03:35.859 TickProc Error #401 C0000005
10:03:35.953 TickProc Error #401 C0000005
10:03:35.062 TickProc Error #401 C0000005
10:03:35.156 TickProc Error #401 C0000005
10:03:35.562 TickProc Error #401 C0000005
10:03:36.671 TickProc Error #401 C0000005
10:03:36.765 TickProc Error #401 C0000005
10:03:36.875 TickProc Error #401 C0000005
10:03:36.953 TickProc Error #401 C0000005
10:03:36.062 TickProc Error #401 C0000005
10:03:36.171 TickProc Error #401 C0000005
10:03:36.250 TickProc Error #401 C0000005
10:03:36.375 TickProc Error #401 C0000005
10:03:36.453 TickProc Error #401 C0000005
10:03:36.546 TickProc Error #401 C0000005
10:03:37.656 TickProc Error #401 C0000005
10:03:37.734 TickProc Error #401 C0000005
10:03:37.781 TickProc Error #401 C0000005
10:03:37.812 TickProc Error #401 C0000005
10:03:37.875 TickProc Error #401 C0000005
12:54:33.046 TickProc Error #401 C0000005
12:54:33.156 TickProc Error #401 C0000005
12:54:33.250 TickProc Error #401 C0000005
12:54:33.359 TickProc Error #401 C0000005
12:54:33.437 TickProc Error #401 C0000005
12:54:33.546 TickProc Error #401 C0000005
12:54:34.640 TickProc Error #401 C0000005
12:54:34.750 TickProc Error #401 C0000005
12:54:34.859 TickProc Error #401 C0000005
12:54:34.937 TickProc Error #401 C0000005
12:54:34.046 TickProc Error #401 C0000005
12:54:34.125 TickProc Error #401 C0000005
12:54:34.140 TickProc Error #401 C0000005
12:54:34.218 TickProc Error #401 C0000005
12:54:34.250 TickProc Error #401 C0000005
12:54:34.312 TickProc Error #401 C0000005
12:54:34.343 TickProc Error #401 C0000005
12:54:34.437 TickProc Error #401 C0000005
12:54:34.546 TickProc Error #401 C0000005
12:54:35.640 TickProc Error #401 C0000005
12:54:35.750 TickProc Error #401 C0000005
12:54:35.843 TickProc Error #401 C0000005
12:54:35.937 TickProc Error #401 C0000005
12:54:35.062 TickProc Error #401 C0000005
12:54:35.093 TickProc Error #401 C0000005
12:54:35.156 TickProc Error #401 C0000005
12:54:35.203 TickProc Error #401 C0000005
12:54:35.265 TickProc Error #401 C0000005
12:54:35.328 TickProc Error #401 C0000005
12:54:35.343 TickProc Error #401 C0000005
12:54:35.421 TickProc Error #401 C0000005
12:54:35.437 TickProc Error #401 C0000005
12:54:35.515 TickProc Error #401 C0000005
12:54:35.562 TickProc Error #401 C0000005
12:54:36.625 TickProc Error #401 C0000005
12:54:36.656 TickProc Error #401 C0000005
12:54:36.750 TickProc Error #401 C0000005
12:54:36.859 TickProc Error #401 C0000005
12:54:36.937 TickProc Error #401 C0000005
12:54:36.046 TickProc Error #401 C0000005
12:54:36.156 TickProc Error #401 C0000005
12:54:36.250 TickProc Error #401 C0000005
12:54:36.343 TickProc Error #401 C0000005
12:54:36.453 TickProc Error #401 C0000005
12:54:36.546 TickProc Error #401 C0000005
12:54:36.562 TickProc Error #401 C0000005
12:54:37.656 TickProc Error #401 C0000005
12:54:37.671 TickProc Error #401 C0000005
12:54:37.750 TickProc Error #401 C0000005
12:54:37.765 TickProc Error #401 C0000005
12:54:37.859 TickProc Error #401 C0000005
12:54:37.875 TickProc Error #401 C0000005
12:54:37.937 TickProc Error #401 C0000005
12:54:37.984 TickProc Error #401 C0000005
12:54:37.046 TickProc Error #401 C0000005
12:54:37.093 TickProc Error #401 C0000005
12:54:37.156 TickProc Error #401 C0000005
12:54:37.187 TickProc Error #401 C0000005
12:54:37.250 TickProc Error #401 C0000005
12:54:37.359 TickProc Error #401 C0000005
12:54:37.437 TickProc Error #401 C0000005
12:54:37.562 TickProc Error #401 C0000005
12:54:38.640 TickProc Error #401 C0000005
12:54:38.750 TickProc Error #401 C0000005
12:54:38.843 TickProc Error #401 C0000005
12:54:38.937 TickProc Error #401 C0000005
12:54:38.984 TickProc Error #401 C0000005
12:54:38.062 TickProc Error #401 C0000005
12:54:38.109 TickProc Error #401 C0000005
12:54:38.140 TickProc Error #401 C0000005
12:54:38.203 TickProc Error #401 C0000005
12:54:38.250 TickProc Error #401 C0000005
12:54:38.296 TickProc Error #401 C0000005
12:54:38.359 TickProc Error #401 C0000005
12:54:38.390 TickProc Error #401 C0000005
12:54:38.437 TickProc Error #401 C0000005
12:54:39.046 TickProc Error #401 C0000005
12:54:39.156 TickProc Error #401 C0000005
12:54:39.250 TickProc Error #401 C0000005
12:54:39.296 TickProc Error #401 C0000005
12:54:39.343 TickProc Error #401 C0000005
12:54:39.453 TickProc Error #401 C0000005
12:54:39.562 TickProc Error #401 C0000005
12:54:40.640 TickProc Error #401 C0000005
12:54:40.750 TickProc Error #401 C0000005
12:54:40.812 TickProc Error #401 C0000005
12:54:40.843 TickProc Error #401 C0000005
12:54:40.906 TickProc Error #401 C0000005
12:54:40.937 TickProc Error #401 C0000005
12:54:40.031 TickProc Error #401 C0000005
12:54:40.046 TickProc Error #401 C0000005
12:54:40.109 TickProc Error #401 C0000005
12:54:40.140 TickProc Error #401 C0000005
12:54:40.218 TickProc Error #401 C0000005
12:54:40.250 TickProc Error #401 C0000005
12:54:40.328 TickProc Error #401 C0000005
12:54:40.343 TickProc Error #401 C0000005
12:54:40.421 TickProc Error #401 C0000005
12:54:40.453 TickProc Error #401 C0000005
12:54:40.531 TickProc Error #401 C0000005
12:54:40.562 TickProc Error #401 C0000005
12:54:41.640 TickProc Error #401 C0000005
12:54:41.750 TickProc Error #401 C0000005
12:54:41.859 TickProc Error #401 C0000005
12:54:41.937 TickProc Error #401 C0000005
12:54:41.062 TickProc Error #401 C0000005
12:54:41.140 TickProc Error #401 C0000005
12:54:41.250 TickProc Error #401 C0000005
12:54:41.343 TickProc Error #401 C0000005
12:54:44.656 TickProc Error #401 C0000005
12:54:44.750 TickProc Error #401 C0000005
12:54:44.843 TickProc Error #401 C0000005
12:54:44.953 TickProc Error #401 C0000005
12:54:44.046 TickProc Error #401 C0000005
12:54:44.140 TickProc Error #401 C0000005
12:54:44.250 TickProc Error #401 C0000005
12:54:44.359 TickProc Error #401 C0000005
12:54:44.437 TickProc Error #401 C0000005
12:54:44.484 TickProc Error #401 C0000005
12:54:44.546 TickProc Error #401 C0000005
12:54:44.593 TickProc Error #401 C0000005
12:54:45.640 TickProc Error #401 C0000005
12:54:46.140 TickProc Error #401 C0000005
12:54:46.250 TickProc Error #401 C0000005
12:54:46.359 TickProc Error #401 C0000005
12:54:46.453 TickProc Error #401 C0000005
12:54:46.546 TickProc Error #401 C0000005
12:54:47.640 TickProc Error #401 C0000005
12:54:47.750 TickProc Error #401 C0000005
12:54:47.828 TickProc Error #401 C0000005
12:54:47.859 TickProc Error #401 C0000005
12:54:47.953 TickProc Error #401 C0000005
12:54:47.046 TickProc Error #401 C0000005
12:54:47.156 TickProc Error #401 C0000005
12:54:47.250 TickProc Error #401 C0000005
12:54:47.343 TickProc Error #401 C0000005
12:54:47.390 TickProc Error #401 C0000005
12:54:47.437 TickProc Error #401 C0000005
12:54:47.562 TickProc Error #401 C0000005
12:54:48.640 TickProc Error #401 C0000005
12:54:48.750 TickProc Error #401 C0000005
12:54:48.843 TickProc Error #401 C0000005
12:54:48.937 TickProc Error #401 C0000005
12:54:48.046 TickProc Error #401 C0000005
12:54:48.109 TickProc Error #401 C0000005
12:54:48.140 TickProc Error #401 C0000005
12:54:48.250 TickProc Error #401 C0000005
12:54:48.359 TickProc Error #401 C0000005
12:54:48.437 TickProc Error #401 C0000005
12:54:48.546 TickProc Error #401 C0000005
12:54:48.578 TickProc Error #401 C0000005
12:54:49.640 TickProc Error #401 C0000005
12:54:49.703 TickProc Error #401 C0000005
12:54:49.750 TickProc Error #401 C0000005
12:54:50.250 TickProc Error #401 C0000005
12:54:50.343 TickProc Error #401 C0000005
12:54:50.437 TickProc Error #401 C0000005
12:54:50.546 TickProc Error #401 C0000005
12:54:51.656 TickProc Error #401 C0000005
13:14:13.359 TickProc Error #401 C0000005
13:14:16.062 TickProc Error #401 C0000005
18:09:10.250 Elfbot NG 4.5.9 - Entry Started on Dienstag Juni 10, 2025
18:09:10.250 HprProc Error #180 C0000005 18150057656C636F6D6520746F204E6F78696F75734F5421B4183000596F7572
18:09:10.250 HprProc Error #180 C0000005 183000596F7572206C61737420766973697420776173206F6E204D6F6E204A75
18:09:10.250 HprProc Error #170 C0000005 00000000000000000F0000320047657420536877696674795B3137355D20284C
18:09:10.250 HprProc Error #180 C0000005 191A00596F7520617265206E6F742066756C6C7920626C657373656421B4125E
18:09:10.375 HprProc Error #170 C0000005 00000000000000000D00006C00596F7572206775696C6420646F6573206E6F74
20:52:17.375 Elfbot NG 4.5.9 - Entry Started on Dienstag Juni 10, 2025
20:52:17.375 HprProc Error #170 C0000005 00000000000000000F0000320047657420536877696674795B3137355D20284C
20:52:18.500 HprProc Error #170 C0000005 00000000000000000D00006C00596F7572206775696C6420646F6573206E6F74
21:15:38.359 Elfbot NG 4.5.9 - Entry Started on Dienstag Juni 10, 2025
21:15:38.359 HprProc Error #170 C0000005 00000000000000000F0000320047657420536877696674795B3137355D20284C
21:15:39.500 HprProc Error #180 C0000005 1A3D00596F75206F6E6C792068617665203237207365636F6E6473206C656674
21:15:39.515 HprProc Error #170 C0000005 00000000000000000D00006C00596F7572206775696C6420646F6573206E6F74
21:15:41.546 HprProc Error #180 C0000005 1A3D00596F75206F6E6C792068617665203235207365636F6E6473206C656674
21:41:11.031 TickProc Error #401 C0000005
21:41:11.140 TickProc Error #401 C0000005
21:41:13.828 TickProc Error #401 C0000005
21:41:13.890 TickProc Error #401 C0000005
21:41:13.937 TickProc Error #401 C0000005
21:41:13.031 TickProc Error #401 C0000005
21:41:13.140 TickProc Error #401 C0000005
21:41:13.234 TickProc Error #401 C0000005
21:41:15.734 TickProc Error #401 C0000005
21:41:15.828 TickProc Error #401 C0000005
21:41:15.937 TickProc Error #401 C0000005
21:41:15.031 TickProc Error #401 C0000005
21:41:15.046 TickProc Error #401 C0000005
21:41:15.140 TickProc Error #401 C0000005
21:41:15.140 TickProc Error #401 C0000005
21:41:15.234 TickProc Error #401 C0000005
21:41:15.281 TickProc Error #401 C0000005
21:41:15.328 TickProc Error #401 C0000005
21:41:15.437 TickProc Error #401 C0000005
21:41:47.312 TickProc Error #401 C0000005
21:41:47.343 TickProc Error #401 C0000005
21:41:47.437 TickProc Error #401 C0000005
21:41:48.531 TickProc Error #401 C0000005
21:41:48.656 TickProc Error #401 C0000005
21:41:48.765 TickProc Error #401 C0000005
21:41:48.828 TickProc Error #401 C0000005
21:41:48.937 TickProc Error #401 C0000005
21:41:48.031 TickProc Error #401 C0000005
21:41:48.062 TickProc Error #401 C0000005
21:41:52.750 TickProc Error #401 C0000005
21:41:52.843 TickProc Error #401 C0000005
21:41:52.875 TickProc Error #401 C0000005
21:41:52.953 TickProc Error #401 C0000005
21:41:52.046 TickProc Error #401 C0000005
21:41:52.140 TickProc Error #401 C0000005
21:41:52.234 TickProc Error #401 C0000005
21:41:52.328 TickProc Error #401 C0000005
21:41:53.453 TickProc Error #401 C0000005
21:41:53.546 TickProc Error #401 C0000005
21:41:53.609 TickProc Error #401 C0000005
21:41:53.640 TickProc Error #401 C0000005
21:41:53.750 TickProc Error #401 C0000005
21:41:57.468 TickProc Error #401 C0000005
21:41:57.531 TickProc Error #401 C0000005
21:41:57.640 TickProc Error #401 C0000005
21:41:57.734 TickProc Error #401 C0000005
21:41:57.843 TickProc Error #401 C0000005
21:41:57.937 TickProc Error #401 C0000005
21:41:57.031 TickProc Error #401 C0000005
21:41:57.156 TickProc Error #401 C0000005
21:41:57.265 TickProc Error #401 C0000005
21:41:57.328 TickProc Error #401 C0000005
21:41:57.453 TickProc Error #401 C0000005
21:41:58.531 TickProc Error #401 C0000005
21:41:58.593 TickProc Error #401 C0000005
21:41:58.640 TickProc Error #401 C0000005
21:41:58.671 TickProc Error #401 C0000005
21:41:58.734 TickProc Error #401 C0000005
21:41:58.828 TickProc Error #401 C0000005
21:41:59.328 TickProc Error #401 C0000005
21:41:59.390 TickProc Error #401 C0000005
21:42:00.453 TickProc Error #401 C0000005
21:42:00.531 TickProc Error #401 C0000005
21:42:00.656 TickProc Error #401 C0000005
21:42:00.750 TickProc Error #401 C0000005
21:42:00.843 TickProc Error #401 C0000005
21:42:00.953 TickProc Error #401 C0000005
21:42:00.031 TickProc Error #401 C0000005
21:42:00.171 TickProc Error #401 C0000005
21:42:00.234 TickProc Error #401 C0000005
21:42:00.328 TickProc Error #401 C0000005
21:42:00.453 TickProc Error #401 C0000005
21:42:01.546 TickProc Error #401 C0000005
21:42:01.656 TickProc Error #401 C0000005
21:42:01.750 TickProc Error #401 C0000005
21:42:01.843 TickProc Error #401 C0000005
21:42:02.640 TickProc Error #401 C0000005
21:42:02.671 TickProc Error #401 C0000005
21:42:02.734 TickProc Error #401 C0000005
21:42:02.843 TickProc Error #401 C0000005
21:42:02.968 TickProc Error #401 C0000005
21:42:02.046 TickProc Error #401 C0000005
21:42:02.140 TickProc Error #401 C0000005
21:42:02.250 TickProc Error #401 C0000005
21:42:02.343 TickProc Error #401 C0000005
21:42:02.437 TickProc Error #401 C0000005
21:42:03.515 TickProc Error #401 C0000005
21:42:03.546 TickProc Error #401 C0000005
21:42:03.609 TickProc Error #401 C0000005
21:42:03.640 TickProc Error #401 C0000005
21:42:03.703 TickProc Error #401 C0000005
21:42:03.765 TickProc Error #401 C0000005
21:42:03.828 TickProc Error #401 C0000005
21:42:03.921 TickProc Error #401 C0000005
21:42:03.953 TickProc Error #401 C0000005
21:42:03.046 TickProc Error #401 C0000005
21:42:03.140 TickProc Error #401 C0000005
21:42:03.234 TickProc Error #401 C0000005
21:42:03.343 TickProc Error #401 C0000005
21:42:03.437 TickProc Error #401 C0000005
21:42:04.531 TickProc Error #401 C0000005
21:42:04.656 TickProc Error #401 C0000005
21:42:04.750 TickProc Error #401 C0000005
21:42:04.843 TickProc Error #401 C0000005
21:42:04.937 TickProc Error #401 C0000005
21:42:04.968 TickProc Error #401 C0000005
21:42:08.843 TickProc Error #401 C0000005
21:42:08.953 TickProc Error #401 C0000005
21:42:08.046 TickProc Error #401 C0000005
21:42:08.156 TickProc Error #401 C0000005
21:42:08.234 TickProc Error #401 C0000005
21:42:08.328 TickProc Error #401 C0000005
21:42:09.453 TickProc Error #401 C0000005
21:42:09.546 TickProc Error #401 C0000005
21:42:09.656 TickProc Error #401 C0000005
21:42:09.750 TickProc Error #401 C0000005
21:42:09.843 TickProc Error #401 C0000005
21:42:09.937 TickProc Error #401 C0000005
21:42:10.359 TickProc Error #401 C0000005
21:42:10.437 TickProc Error #401 C0000005
21:42:11.531 TickProc Error #401 C0000005
21:42:11.656 TickProc Error #401 C0000005
21:42:11.765 TickProc Error #401 C0000005
21:42:11.828 TickProc Error #401 C0000005
21:42:11.953 TickProc Error #401 C0000005
21:42:11.046 TickProc Error #401 C0000005
21:42:11.156 TickProc Error #401 C0000005
21:42:11.234 TickProc Error #401 C0000005
21:42:11.265 TickProc Error #401 C0000005
21:42:11.328 TickProc Error #401 C0000005
21:42:13.656 TickProc Error #401 C0000005
21:42:13.734 TickProc Error #401 C0000005
21:42:13.843 TickProc Error #401 C0000005
21:42:13.937 TickProc Error #401 C0000005
21:42:13.031 TickProc Error #401 C0000005
21:42:13.156 TickProc Error #401 C0000005
21:42:13.234 TickProc Error #401 C0000005
21:42:16.531 TickProc Error #401 C0000005
21:42:16.625 TickProc Error #401 C0000005
21:42:16.656 TickProc Error #401 C0000005
21:42:16.750 TickProc Error #401 C0000005
21:42:16.843 TickProc Error #401 C0000005
21:42:16.937 TickProc Error #401 C0000005
21:42:16.046 TickProc Error #401 C0000005
21:42:16.140 TickProc Error #401 C0000005
21:42:16.203 TickProc Error #401 C0000005
21:42:16.234 TickProc Error #401 C0000005
21:42:16.328 TickProc Error #401 C0000005
21:42:17.468 TickProc Error #401 C0000005
21:42:17.531 TickProc Error #401 C0000005
21:42:17.640 TickProc Error #401 C0000005
21:42:17.734 TickProc Error #401 C0000005
21:42:17.796 TickProc Error #401 C0000005
21:42:17.828 TickProc Error #401 C0000005
21:42:17.937 TickProc Error #401 C0000005
21:42:17.437 TickProc Error #401 C0000005
21:42:18.531 TickProc Error #401 C0000005
21:42:18.656 TickProc Error #401 C0000005
21:42:18.734 TickProc Error #401 C0000005
21:42:18.828 TickProc Error #401 C0000005
21:42:18.937 TickProc Error #401 C0000005
21:42:18.031 TickProc Error #401 C0000005
21:42:18.140 TickProc Error #401 C0000005
21:42:18.234 TickProc Error #401 C0000005
21:42:18.328 TickProc Error #401 C0000005
21:42:18.453 TickProc Error #401 C0000005
21:42:19.531 TickProc Error #401 C0000005
21:42:19.546 TickProc Error #401 C0000005
21:42:19.640 TickProc Error #401 C0000005
21:42:19.750 TickProc Error #401 C0000005
21:42:19.796 TickProc Error #401 C0000005
21:42:19.828 TickProc Error #401 C0000005
21:42:19.937 TickProc Error #401 C0000005
21:42:19.031 TickProc Error #401 C0000005
21:42:19.046 TickProc Error #401 C0000005
23:42:05.796 Elfbot NG 4.5.9 - Entry Started on Dienstag Juni 10, 2025
23:42:05.796 TickProc Error #401 C0000005
23:42:05.828 TickProc Error #401 C0000005
23:42:05.937 TickProc Error #401 C0000005
23:42:05.031 TickProc Error #401 C0000005
23:42:05.125 TickProc Error #401 C0000005
23:42:05.218 TickProc Error #401 C0000005
23:42:05.328 TickProc Error #401 C0000005
23:42:05.421 TickProc Error #401 C0000005
23:42:06.515 TickProc Error #401 C0000005
00:39:46.171 TickProc Error #401 C0000005
00:39:46.203 TickProc Error #401 C0000005
00:39:46.312 TickProc Error #401 C0000005
00:39:46.406 TickProc Error #401 C0000005
00:39:47.500 TickProc Error #401 C0000005
00:39:47.625 TickProc Error #401 C0000005
00:39:47.718 TickProc Error #401 C0000005
00:39:50.000 TickProc Error #401 C0000005
00:39:50.062 TickProc Error #401 C0000005
00:39:50.125 TickProc Error #401 C0000005
00:39:50.218 TickProc Error #401 C0000005
00:39:50.328 TickProc Error #401 C0000005
00:39:50.437 TickProc Error #401 C0000005
00:39:51.500 TickProc Error #401 C0000005
00:39:51.625 TickProc Error #401 C0000005
00:39:51.718 TickProc Error #401 C0000005
00:39:51.796 TickProc Error #401 C0000005
00:39:51.828 TickProc Error #401 C0000005
00:39:51.921 TickProc Error #401 C0000005
00:39:51.953 TickProc Error #401 C0000005
00:39:51.015 TickProc Error #401 C0000005
00:39:51.109 TickProc Error #401 C0000005
00:39:51.218 TickProc Error #401 C0000005
00:39:51.250 TickProc Error #401 C0000005
00:39:51.312 TickProc Error #401 C0000005
00:39:51.375 TickProc Error #401 C0000005
00:39:51.406 TickProc Error #401 C0000005
00:39:52.453 TickProc Error #401 C0000005
00:39:52.515 TickProc Error #401 C0000005
00:39:52.625 TickProc Error #401 C0000005
00:39:52.687 TickProc Error #401 C0000005
00:39:52.718 TickProc Error #401 C0000005
00:39:52.781 TickProc Error #401 C0000005
00:39:52.812 TickProc Error #401 C0000005
00:39:52.906 TickProc Error #401 C0000005
00:39:52.015 TickProc Error #401 C0000005
00:39:52.109 TickProc Error #401 C0000005
00:39:52.203 TickProc Error #401 C0000005
00:39:52.312 TickProc Error #401 C0000005
00:39:52.421 TickProc Error #401 C0000005
00:39:53.453 TickProc Error #401 C0000005
00:39:53.515 TickProc Error #401 C0000005
00:39:53.609 TickProc Error #401 C0000005
00:39:53.703 TickProc Error #401 C0000005
00:39:53.843 TickProc Error #401 C0000005
00:39:53.906 TickProc Error #401 C0000005
00:39:53.937 TickProc Error #401 C0000005
00:39:53.000 TickProc Error #401 C0000005
00:39:53.062 TickProc Error #401 C0000005
00:39:53.125 TickProc Error #401 C0000005
00:39:53.156 TickProc Error #401 C0000005
00:39:53.234 TickProc Error #401 C0000005
00:39:53.250 TickProc Error #401 C0000005
00:39:53.312 TickProc Error #401 C0000005
00:39:53.406 TickProc Error #401 C0000005
00:39:54.500 TickProc Error #401 C0000005
00:39:54.609 TickProc Error #401 C0000005
00:39:54.703 TickProc Error #401 C0000005
00:39:54.734 TickProc Error #401 C0000005
00:39:54.828 TickProc Error #401 C0000005
00:39:54.859 TickProc Error #401 C0000005
00:39:54.921 TickProc Error #401 C0000005
00:39:54.953 TickProc Error #401 C0000005
00:39:54.000 TickProc Error #401 C0000005
00:39:54.062 TickProc Error #401 C0000005
00:39:54.125 TickProc Error #401 C0000005
00:39:54.156 TickProc Error #401 C0000005
00:39:54.218 TickProc Error #401 C0000005
00:39:54.234 TickProc Error #401 C0000005
00:39:54.328 TickProc Error #401 C0000005
00:39:54.375 TickProc Error #401 C0000005
00:39:54.406 TickProc Error #401 C0000005
00:39:55.468 TickProc Error #401 C0000005
00:39:55.500 TickProc Error #401 C0000005
00:39:55.625 TickProc Error #401 C0000005
00:39:55.718 TickProc Error #401 C0000005
00:39:55.828 TickProc Error #401 C0000005
00:39:55.859 TickProc Error #401 C0000005
00:39:55.921 TickProc Error #401 C0000005
00:39:55.984 TickProc Error #401 C0000005
00:39:55.015 TickProc Error #401 C0000005
00:39:55.078 TickProc Error #401 C0000005
00:39:55.109 TickProc Error #401 C0000005
00:39:55.171 TickProc Error #401 C0000005
00:39:55.203 TickProc Error #401 C0000005
00:39:56.937 TickProc Error #401 C0000005
00:39:56.000 TickProc Error #401 C0000005
00:39:56.140 TickProc Error #401 C0000005
00:39:56.203 TickProc Error #401 C0000005
00:39:56.328 TickProc Error #401 C0000005
00:39:56.421 TickProc Error #401 C0000005
00:39:57.515 TickProc Error #401 C0000005
00:39:57.578 TickProc Error #401 C0000005
00:39:57.625 TickProc Error #401 C0000005
00:39:57.687 TickProc Error #401 C0000005
00:39:57.718 TickProc Error #401 C0000005
00:39:57.828 TickProc Error #401 C0000005
00:39:58.578 TickProc Error #401 C0000005
00:39:58.609 TickProc Error #401 C0000005
00:39:58.703 TickProc Error #401 C0000005
00:39:58.828 TickProc Error #401 C0000005
00:39:58.937 TickProc Error #401 C0000005
00:39:58.000 TickProc Error #401 C0000005
00:39:58.109 TickProc Error #401 C0000005
00:39:58.203 TickProc Error #401 C0000005
00:39:58.328 TickProc Error #401 C0000005
00:39:58.375 TickProc Error #401 C0000005
00:39:58.406 TickProc Error #401 C0000005
00:39:59.468 TickProc Error #401 C0000005
00:39:59.500 TickProc Error #401 C0000005
00:39:59.562 TickProc Error #401 C0000005
00:39:59.625 TickProc Error #401 C0000005
00:39:59.656 TickProc Error #401 C0000005
00:39:59.718 TickProc Error #401 C0000005
00:39:59.750 TickProc Error #401 C0000005
00:39:59.812 TickProc Error #401 C0000005
00:39:59.015 TickProc Error #401 C0000005
00:39:59.406 TickProc Error #401 C0000005
00:40:00.500 TickProc Error #401 C0000005
00:40:00.609 TickProc Error #401 C0000005
00:40:00.703 TickProc Error #401 C0000005
00:40:00.812 TickProc Error #401 C0000005
00:40:00.906 TickProc Error #401 C0000005
00:40:00.000 TickProc Error #401 C0000005
00:40:00.125 TickProc Error #401 C0000005
00:40:00.187 TickProc Error #401 C0000005
00:40:00.234 TickProc Error #401 C0000005
00:40:00.421 TickProc Error #401 C0000005
00:40:01.515 TickProc Error #401 C0000005
00:40:01.609 TickProc Error #401 C0000005
00:40:01.703 TickProc Error #401 C0000005
00:40:01.828 TickProc Error #401 C0000005
00:40:01.937 TickProc Error #401 C0000005
00:40:01.000 TickProc Error #401 C0000005
00:40:01.125 TickProc Error #401 C0000005
00:40:01.218 TickProc Error #401 C0000005
00:40:01.250 TickProc Error #401 C0000005
00:40:01.328 TickProc Error #401 C0000005
00:40:01.359 TickProc Error #401 C0000005
00:40:01.421 TickProc Error #401 C0000005
00:40:01.453 TickProc Error #401 C0000005
00:40:02.515 TickProc Error #401 C0000005
00:40:02.562 TickProc Error #401 C0000005
00:40:02.625 TickProc Error #401 C0000005
00:40:02.671 TickProc Error #401 C0000005
00:40:02.703 TickProc Error #401 C0000005
00:40:02.218 TickProc Error #401 C0000005
00:40:02.328 TickProc Error #401 C0000005
00:40:02.359 TickProc Error #401 C0000005
00:40:02.437 TickProc Error #401 C0000005
00:40:03.500 TickProc Error #401 C0000005
00:40:03.625 TickProc Error #401 C0000005
00:40:03.718 TickProc Error #401 C0000005
00:40:03.812 TickProc Error #401 C0000005
00:40:03.859 TickProc Error #401 C0000005
00:40:03.921 TickProc Error #401 C0000005
00:40:03.015 TickProc Error #401 C0000005
00:40:03.046 TickProc Error #401 C0000005
00:40:03.109 TickProc Error #401 C0000005
00:40:03.203 TickProc Error #401 C0000005
00:40:03.328 TickProc Error #401 C0000005
00:40:03.421 TickProc Error #401 C0000005
00:40:04.453 TickProc Error #401 C0000005
00:40:04.515 TickProc Error #401 C0000005
00:40:04.546 TickProc Error #401 C0000005
00:40:04.625 TickProc Error #401 C0000005
00:40:21.937 TickProc Error #401 C0000005
00:40:21.000 TickProc Error #401 C0000005
00:40:21.125 TickProc Error #401 C0000005
00:40:21.218 TickProc Error #401 C0000005
00:40:21.312 TickProc Error #401 C0000005
00:40:21.406 TickProc Error #401 C0000005
00:40:22.500 TickProc Error #401 C0000005
00:40:22.578 TickProc Error #401 C0000005
00:40:22.640 TickProc Error #401 C0000005
00:40:22.671 TickProc Error #401 C0000005
00:40:22.703 TickProc Error #401 C0000005
00:40:23.593 TickProc Error #401 C0000005
00:40:23.625 TickProc Error #401 C0000005
00:40:23.703 TickProc Error #401 C0000005
00:40:23.828 TickProc Error #401 C0000005
00:40:23.921 TickProc Error #401 C0000005
00:40:23.000 TickProc Error #401 C0000005
00:40:23.140 TickProc Error #401 C0000005
00:40:23.203 TickProc Error #401 C0000005
00:40:23.328 TickProc Error #401 C0000005
00:40:23.390 TickProc Error #401 C0000005
00:40:23.421 TickProc Error #401 C0000005
00:40:24.500 TickProc Error #401 C0000005
00:40:24.625 TickProc Error #401 C0000005
00:40:24.656 TickProc Error #401 C0000005
00:40:24.718 TickProc Error #401 C0000005
00:40:24.812 TickProc Error #401 C0000005
00:40:24.921 TickProc Error #401 C0000005
00:40:24.015 TickProc Error #401 C0000005
00:40:24.078 TickProc Error #401 C0000005
00:40:24.109 TickProc Error #401 C0000005
00:40:24.187 TickProc Error #401 C0000005
00:40:24.234 TickProc Error #401 C0000005
00:40:24.312 TickProc Error #401 C0000005
00:40:25.703 TickProc Error #401 C0000005
00:40:25.812 TickProc Error #401 C0000005
00:40:25.906 TickProc Error #401 C0000005
00:40:25.937 TickProc Error #401 C0000005
00:40:25.000 TickProc Error #401 C0000005
00:40:26.218 TickProc Error #401 C0000005
00:40:26.312 TickProc Error #401 C0000005
00:40:26.406 TickProc Error #401 C0000005
00:40:27.500 TickProc Error #401 C0000005
00:40:27.625 TickProc Error #401 C0000005
00:40:27.718 TickProc Error #401 C0000005
00:40:27.750 TickProc Error #401 C0000005
00:40:27.812 TickProc Error #401 C0000005
00:40:27.906 TickProc Error #401 C0000005
00:40:27.953 TickProc Error #401 C0000005
00:40:27.015 TickProc Error #401 C0000005
00:40:28.875 TickProc Error #401 C0000005
00:40:28.906 TickProc Error #401 C0000005
00:40:28.000 TickProc Error #401 C0000005
00:40:28.125 TickProc Error #401 C0000005
00:40:28.218 TickProc Error #401 C0000005
00:40:28.328 TickProc Error #401 C0000005
00:40:28.421 TickProc Error #401 C0000005
00:40:29.515 TickProc Error #401 C0000005
00:40:29.578 TickProc Error #401 C0000005
00:40:29.609 TickProc Error #401 C0000005
00:40:30.984 TickProc Error #401 C0000005
00:40:30.015 TickProc Error #401 C0000005
00:40:30.109 TickProc Error #401 C0000005
00:40:30.203 TickProc Error #401 C0000005
00:40:30.312 TickProc Error #401 C0000005
00:40:30.406 TickProc Error #401 C0000005
00:40:31.500 TickProc Error #401 C0000005
00:40:31.562 TickProc Error #401 C0000005
00:40:31.640 TickProc Error #401 C0000005
00:40:31.671 TickProc Error #401 C0000005
00:40:31.703 TickProc Error #401 C0000005
00:40:31.750 TickProc Error #401 C0000005
00:40:31.812 TickProc Error #401 C0000005
00:40:32.562 TickProc Error #401 C0000005
00:40:32.625 TickProc Error #401 C0000005
00:40:32.703 TickProc Error #401 C0000005
00:40:32.812 TickProc Error #401 C0000005
00:40:32.906 TickProc Error #401 C0000005
00:40:32.000 TickProc Error #401 C0000005
00:40:32.125 TickProc Error #401 C0000005
00:40:32.156 TickProc Error #401 C0000005
00:40:32.218 TickProc Error #401 C0000005
00:40:32.328 TickProc Error #401 C0000005
00:40:32.421 TickProc Error #401 C0000005
00:40:33.484 TickProc Error #401 C0000005
00:40:33.515 TickProc Error #401 C0000005
00:40:33.218 TickProc Error #401 C0000005
00:40:33.312 TickProc Error #401 C0000005
00:40:33.421 TickProc Error #401 C0000005
00:40:34.515 TickProc Error #401 C0000005
00:40:34.609 TickProc Error #401 C0000005
00:40:34.671 TickProc Error #401 C0000005
00:40:34.703 TickProc Error #401 C0000005
00:40:35.203 TickProc Error #401 C0000005
00:40:35.328 TickProc Error #401 C0000005
00:40:35.421 TickProc Error #401 C0000005
00:40:36.468 TickProc Error #401 C0000005
00:40:36.500 TickProc Error #401 C0000005
00:40:36.562 TickProc Error #401 C0000005
00:40:36.625 TickProc Error #401 C0000005
00:40:36.687 TickProc Error #401 C0000005
00:40:36.718 TickProc Error #401 C0000005
00:40:36.781 TickProc Error #401 C0000005
00:40:36.812 TickProc Error #401 C0000005
00:40:36.875 TickProc Error #401 C0000005
00:40:36.906 TickProc Error #401 C0000005
00:40:36.968 TickProc Error #401 C0000005
00:40:36.000 TickProc Error #401 C0000005
00:40:36.125 TickProc Error #401 C0000005
00:40:36.234 TickProc Error #401 C0000005
00:40:36.328 TickProc Error #401 C0000005
00:40:36.359 TickProc Error #401 C0000005
00:40:36.421 TickProc Error #401 C0000005
00:40:37.484 TickProc Error #401 C0000005
00:40:37.531 TickProc Error #401 C0000005
00:40:37.578 TickProc Error #401 C0000005
00:40:37.609 TickProc Error #401 C0000005
00:40:38.015 TickProc Error #401 C0000005
00:40:38.109 TickProc Error #401 C0000005
00:40:38.203 TickProc Error #401 C0000005
00:40:38.312 TickProc Error #401 C0000005
00:40:38.375 TickProc Error #401 C0000005
00:40:38.406 TickProc Error #401 C0000005
00:40:39.468 TickProc Error #401 C0000005
00:40:39.500 TickProc Error #401 C0000005
00:40:39.593 TickProc Error #401 C0000005
00:40:39.625 TickProc Error #401 C0000005
00:40:39.687 TickProc Error #401 C0000005
00:40:39.734 TickProc Error #401 C0000005
00:40:39.796 TickProc Error #401 C0000005
00:40:39.828 TickProc Error #401 C0000005
00:40:39.890 TickProc Error #401 C0000005
00:40:39.921 TickProc Error #401 C0000005
00:40:39.015 TickProc Error #401 C0000005
00:40:39.109 TickProc Error #401 C0000005
00:40:39.203 TickProc Error #401 C0000005
00:40:39.296 TickProc Error #401 C0000005
00:40:39.328 TickProc Error #401 C0000005
00:40:39.390 TickProc Error #401 C0000005
00:40:39.421 TickProc Error #401 C0000005
00:40:40.500 TickProc Error #401 C0000005
00:40:40.593 TickProc Error #401 C0000005
00:40:40.625 TickProc Error #401 C0000005
00:40:40.718 TickProc Error #401 C0000005
00:40:40.812 TickProc Error #401 C0000005
00:40:40.906 TickProc Error #401 C0000005
00:40:40.000 TickProc Error #401 C0000005
00:40:40.031 TickProc Error #401 C0000005
00:40:40.125 TickProc Error #401 C0000005
00:40:40.234 TickProc Error #401 C0000005
00:40:40.328 TickProc Error #401 C0000005
00:40:40.421 TickProc Error #401 C0000005
00:40:40.453 TickProc Error #401 C0000005
00:40:41.515 TickProc Error #401 C0000005
00:40:41.546 TickProc Error #401 C0000005
00:40:41.625 TickProc Error #401 C0000005
00:40:41.656 TickProc Error #401 C0000005
00:40:41.718 TickProc Error #401 C0000005
00:40:41.796 TickProc Error #401 C0000005
00:40:41.828 TickProc Error #401 C0000005
00:40:41.921 TickProc Error #401 C0000005
00:40:41.000 TickProc Error #401 C0000005
00:40:41.125 TickProc Error #401 C0000005
00:40:41.218 TickProc Error #401 C0000005
00:40:41.312 TickProc Error #401 C0000005
00:40:41.421 TickProc Error #401 C0000005
00:40:42.515 TickProc Error #401 C0000005
00:40:42.609 TickProc Error #401 C0000005
00:40:42.734 TickProc Error #401 C0000005
00:40:42.796 TickProc Error #401 C0000005
00:40:42.828 TickProc Error #401 C0000005
00:40:42.921 TickProc Error #401 C0000005
00:40:46.859 TickProc Error #401 C0000005
00:40:46.921 TickProc Error #401 C0000005
00:40:46.015 TickProc Error #401 C0000005
00:40:46.125 TickProc Error #401 C0000005
00:40:46.218 TickProc Error #401 C0000005
00:40:46.343 TickProc Error #401 C0000005
00:40:46.406 TickProc Error #401 C0000005
00:40:47.500 TickProc Error #401 C0000005
00:40:47.625 TickProc Error #401 C0000005
00:40:47.656 TickProc Error #401 C0000005
00:40:47.718 TickProc Error #401 C0000005
00:40:47.828 TickProc Error #401 C0000005
00:40:47.921 TickProc Error #401 C0000005
00:40:48.531 TickProc Error #401 C0000005
00:40:48.625 TickProc Error #401 C0000005
00:40:48.718 TickProc Error #401 C0000005
00:40:48.812 TickProc Error #401 C0000005
00:40:48.843 TickProc Error #401 C0000005
00:40:48.906 TickProc Error #401 C0000005
00:40:48.953 TickProc Error #401 C0000005
00:40:48.015 TickProc Error #401 C0000005
00:40:48.046 TickProc Error #401 C0000005
00:40:48.125 TickProc Error #401 C0000005
00:40:48.218 TickProc Error #401 C0000005
00:40:48.312 TickProc Error #401 C0000005
00:40:48.421 TickProc Error #401 C0000005
00:40:49.515 TickProc Error #401 C0000005
00:40:49.609 TickProc Error #401 C0000005
00:40:49.703 TickProc Error #401 C0000005
00:40:49.765 TickProc Error #401 C0000005
00:40:49.812 TickProc Error #401 C0000005
00:40:49.875 TickProc Error #401 C0000005
00:40:49.906 TickProc Error #401 C0000005
00:40:49.968 TickProc Error #401 C0000005
00:40:49.000 TickProc Error #401 C0000005
00:40:49.062 TickProc Error #401 C0000005
00:40:49.125 TickProc Error #401 C0000005
00:40:49.156 TickProc Error #401 C0000005
00:40:49.218 TickProc Error #401 C0000005
00:40:49.281 TickProc Error #401 C0000005
00:40:49.328 TickProc Error #401 C0000005
00:40:49.375 TickProc Error #401 C0000005
00:40:49.421 TickProc Error #401 C0000005
00:40:50.468 TickProc Error #401 C0000005
00:40:50.500 TickProc Error #401 C0000005
00:40:50.562 TickProc Error #401 C0000005
00:40:50.640 TickProc Error #401 C0000005
00:40:50.671 TickProc Error #401 C0000005
00:40:50.703 TickProc Error #401 C0000005
00:40:50.828 TickProc Error #401 C0000005
00:40:50.921 TickProc Error #401 C0000005
00:40:50.000 TickProc Error #401 C0000005
00:40:50.125 TickProc Error #401 C0000005
00:40:50.203 TickProc Error #401 C0000005
00:40:50.234 TickProc Error #401 C0000005
00:40:50.343 TickProc Error #401 C0000005
00:40:50.406 TickProc Error #401 C0000005
00:40:58.109 TickProc Error #401 C0000005
00:40:58.203 TickProc Error #401 C0000005
00:40:58.312 TickProc Error #401 C0000005
00:40:58.406 TickProc Error #401 C0000005
00:40:59.500 TickProc Error #401 C0000005
00:40:59.609 TickProc Error #401 C0000005
00:40:59.640 TickProc Error #401 C0000005
00:40:59.703 TickProc Error #401 C0000005
00:40:59.750 TickProc Error #401 C0000005
00:40:59.828 TickProc Error #401 C0000005
02:06:30.968 TickProc Error #401 C0000005
02:06:30.015 TickProc Error #401 C0000005
02:06:30.109 TickProc Error #401 C0000005
02:06:30.203 TickProc Error #401 C0000005
02:06:30.312 TickProc Error #401 C0000005
02:06:30.406 TickProc Error #401 C0000005
02:06:31.500 TickProc Error #401 C0000005
02:06:31.562 TickProc Error #401 C0000005
02:06:31.625 TickProc Error #401 C0000005
02:06:31.656 TickProc Error #401 C0000005
02:06:31.718 TickProc Error #401 C0000005
02:06:31.750 TickProc Error #401 C0000005
02:06:31.812 TickProc Error #401 C0000005
02:06:32.140 TickProc Error #401 C0000005
02:06:32.203 TickProc Error #401 C0000005
02:06:32.328 TickProc Error #401 C0000005
02:06:32.421 TickProc Error #401 C0000005
02:06:33.531 TickProc Error #401 C0000005
02:06:33.625 TickProc Error #401 C0000005
02:06:33.703 TickProc Error #401 C0000005
02:06:33.828 TickProc Error #401 C0000005
02:06:33.921 TickProc Error #401 C0000005
02:06:33.000 TickProc Error #401 C0000005
02:06:33.031 TickProc Error #401 C0000005
02:06:33.125 TickProc Error #401 C0000005
02:06:33.218 TickProc Error #401 C0000005
02:06:33.250 TickProc Error #401 C0000005
02:06:33.312 TickProc Error #401 C0000005
02:06:33.343 TickProc Error #401 C0000005
02:06:33.421 TickProc Error #401 C0000005
02:06:34.515 TickProc Error #401 C0000005
02:06:34.546 TickProc Error #401 C0000005
02:06:34.609 TickProc Error #401 C0000005
02:06:34.640 TickProc Error #401 C0000005
02:06:34.718 TickProc Error #401 C0000005
02:06:34.828 TickProc Error #401 C0000005
02:06:34.921 TickProc Error #401 C0000005
02:06:34.015 TickProc Error #401 C0000005
02:06:34.046 TickProc Error #401 C0000005
02:06:34.109 TickProc Error #401 C0000005
02:06:34.140 TickProc Error #401 C0000005
02:06:34.218 TickProc Error #401 C0000005
02:06:34.250 TickProc Error #401 C0000005
02:06:34.312 TickProc Error #401 C0000005
02:06:34.406 TickProc Error #401 C0000005
02:06:35.500 TickProc Error #401 C0000005
02:06:35.625 TickProc Error #401 C0000005
02:06:35.703 TickProc Error #401 C0000005
02:06:35.828 TickProc Error #401 C0000005
02:06:35.921 TickProc Error #401 C0000005
02:06:35.015 TickProc Error #401 C0000005
02:06:35.109 TickProc Error #401 C0000005
02:06:35.203 TickProc Error #401 C0000005
02:06:35.328 TickProc Error #401 C0000005
02:06:35.421 TickProc Error #401 C0000005
02:06:36.515 TickProc Error #401 C0000005
02:06:36.609 TickProc Error #401 C0000005
02:06:36.718 TickProc Error #401 C0000005
02:31:02.328 TickProc Error #401 C0000005
02:31:02.421 TickProc Error #401 C0000005
02:31:03.515 TickProc Error #401 C0000005
02:31:03.546 TickProc Error #401 C0000005
02:31:03.609 TickProc Error #401 C0000005
02:31:03.750 TickProc Error #401 C0000005
02:31:03.812 TickProc Error #401 C0000005
02:31:03.875 TickProc Error #401 C0000005
02:31:03.937 TickProc Error #401 C0000005
02:31:03.031 TickProc Error #401 C0000005
02:31:05.515 TickProc Error #401 C0000005
02:31:05.625 TickProc Error #401 C0000005
02:31:05.718 TickProc Error #401 C0000005
02:31:05.828 TickProc Error #401 C0000005
02:31:05.921 TickProc Error #401 C0000005
02:31:05.000 TickProc Error #401 C0000005
02:31:05.046 TickProc Error #401 C0000005
02:31:05.109 TickProc Error #401 C0000005
02:31:05.203 TickProc Error #401 C0000005
02:31:05.234 TickProc Error #401 C0000005
02:31:05.328 TickProc Error #401 C0000005
02:31:05.359 TickProc Error #401 C0000005
02:31:05.406 TickProc Error #401 C0000005
02:31:06.500 TickProc Error #401 C0000005
02:31:06.531 TickProc Error #401 C0000005
02:31:06.625 TickProc Error #401 C0000005
02:31:06.718 TickProc Error #401 C0000005
02:31:06.812 TickProc Error #401 C0000005
02:31:06.906 TickProc Error #401 C0000005
02:31:06.015 TickProc Error #401 C0000005
02:31:06.031 TickProc Error #401 C0000005
02:31:06.125 TickProc Error #401 C0000005
02:31:07.906 TickProc Error #401 C0000005
02:31:08.671 TickProc Error #401 C0000005
02:31:08.734 TickProc Error #401 C0000005
02:31:08.828 TickProc Error #401 C0000005
02:31:08.937 TickProc Error #401 C0000005
02:31:08.015 TickProc Error #401 C0000005
02:31:08.109 TickProc Error #401 C0000005
02:31:08.218 TickProc Error #401 C0000005
02:31:09.515 TickProc Error #401 C0000005
02:31:09.531 TickProc Error #401 C0000005
02:31:09.625 TickProc Error #401 C0000005
02:31:09.718 TickProc Error #401 C0000005
02:31:09.828 TickProc Error #401 C0000005
02:31:09.921 TickProc Error #401 C0000005
02:31:09.046 TickProc Error #401 C0000005
02:31:09.109 TickProc Error #401 C0000005
02:31:09.234 TickProc Error #401 C0000005
02:31:11.546 TickProc Error #401 C0000005
02:31:11.625 TickProc Error #401 C0000005
02:31:11.734 TickProc Error #401 C0000005
02:31:11.828 TickProc Error #401 C0000005
02:31:11.937 TickProc Error #401 C0000005
02:31:11.031 TickProc Error #401 C0000005
02:31:11.125 TickProc Error #401 C0000005
02:31:11.218 TickProc Error #401 C0000005
02:31:11.328 TickProc Error #401 C0000005
02:31:11.359 TickProc Error #401 C0000005
02:31:16.312 TickProc Error #401 C0000005
02:31:16.406 TickProc Error #401 C0000005
02:31:17.531 TickProc Error #401 C0000005
02:31:17.625 TickProc Error #401 C0000005
02:31:17.734 TickProc Error #401 C0000005
02:31:17.828 TickProc Error #401 C0000005
02:31:27.484 TickProc Error #401 C0000005
02:31:27.515 TickProc Error #401 C0000005
02:31:27.578 TickProc Error #401 C0000005
02:31:27.609 TickProc Error #401 C0000005
02:31:27.687 TickProc Error #401 C0000005
02:31:27.718 TickProc Error #401 C0000005
02:31:27.781 TickProc Error #401 C0000005
02:31:27.812 TickProc Error #401 C0000005
02:31:27.890 TickProc Error #401 C0000005
02:31:27.921 TickProc Error #401 C0000005
02:31:27.000 TickProc Error #401 C0000005
02:31:27.031 TickProc Error #401 C0000005
02:31:27.125 TickProc Error #401 C0000005
02:31:27.218 TickProc Error #401 C0000005
02:31:27.328 TickProc Error #401 C0000005
02:31:27.421 TickProc Error #401 C0000005
02:31:27.453 TickProc Error #401 C0000005
02:31:28.531 TickProc Error #401 C0000005
02:31:28.562 TickProc Error #401 C0000005
02:31:28.640 TickProc Error #401 C0000005
02:31:28.671 TickProc Error #401 C0000005
02:31:28.734 TickProc Error #401 C0000005
02:31:28.765 TickProc Error #401 C0000005
02:31:28.828 TickProc Error #401 C0000005
02:31:28.859 TickProc Error #401 C0000005
02:31:28.937 TickProc Error #401 C0000005
02:31:28.968 TickProc Error #401 C0000005
02:31:28.015 TickProc Error #401 C0000005
02:31:28.078 TickProc Error #401 C0000005
02:31:28.109 TickProc Error #401 C0000005
02:31:28.140 TickProc Error #401 C0000005
02:31:28.218 TickProc Error #401 C0000005
02:31:28.312 TickProc Error #401 C0000005
02:31:28.437 TickProc Error #401 C0000005
02:31:29.531 TickProc Error #401 C0000005
02:31:29.625 TickProc Error #401 C0000005
02:31:29.718 TickProc Error #401 C0000005
02:31:29.828 TickProc Error #401 C0000005
02:31:29.921 TickProc Error #401 C0000005
02:31:29.031 TickProc Error #401 C0000005
02:31:29.109 TickProc Error #401 C0000005
02:31:29.140 TickProc Error #401 C0000005
02:31:29.203 TickProc Error #401 C0000005
02:31:29.234 TickProc Error #401 C0000005
02:31:29.328 TickProc Error #401 C0000005
02:31:29.406 TickProc Error #401 C0000005
02:31:29.437 TickProc Error #401 C0000005
02:31:30.531 TickProc Error #401 C0000005
02:31:30.625 TickProc Error #401 C0000005
02:31:30.656 TickProc Error #401 C0000005
02:31:30.718 TickProc Error #401 C0000005
02:31:30.812 TickProc Error #401 C0000005
02:31:30.921 TickProc Error #401 C0000005
02:31:30.031 TickProc Error #401 C0000005
02:31:30.125 TickProc Error #401 C0000005
02:31:30.234 TickProc Error #401 C0000005
02:31:30.328 TickProc Error #401 C0000005
02:31:30.421 TickProc Error #401 C0000005
02:31:31.515 TickProc Error #401 C0000005
02:31:31.593 TickProc Error #401 C0000005
02:31:31.625 TickProc Error #401 C0000005
02:31:31.703 TickProc Error #401 C0000005
02:31:31.734 TickProc Error #401 C0000005
02:31:31.828 TickProc Error #401 C0000005
02:31:31.906 TickProc Error #401 C0000005
02:31:31.031 TickProc Error #401 C0000005
02:31:31.125 TickProc Error #401 C0000005
02:31:31.234 TickProc Error #401 C0000005
02:31:31.312 TickProc Error #401 C0000005
02:31:31.406 TickProc Error #401 C0000005
02:31:38.125 TickProc Error #401 C0000005
02:31:38.234 TickProc Error #401 C0000005
02:31:38.328 TickProc Error #401 C0000005
02:31:38.421 TickProc Error #401 C0000005
02:31:39.531 TickProc Error #401 C0000005
02:31:39.609 TickProc Error #401 C0000005
02:31:39.734 TickProc Error #401 C0000005
02:31:39.765 TickProc Error #401 C0000005
02:31:39.828 TickProc Error #401 C0000005
02:31:39.875 TickProc Error #401 C0000005
02:31:39.906 TickProc Error #401 C0000005
02:31:39.000 TickProc Error #401 C0000005
02:31:39.031 TickProc Error #401 C0000005
02:31:39.125 TickProc Error #401 C0000005
02:31:39.218 TickProc Error #401 C0000005
02:31:39.312 TickProc Error #401 C0000005
02:31:39.406 TickProc Error #401 C0000005
02:31:39.453 TickProc Error #401 C0000005
02:31:40.515 TickProc Error #401 C0000005
02:31:40.546 TickProc Error #401 C0000005
02:31:40.609 TickProc Error #401 C0000005
02:31:40.640 TickProc Error #401 C0000005
02:31:40.687 TickProc Error #401 C0000005
02:31:40.718 TickProc Error #401 C0000005
02:31:40.796 TickProc Error #401 C0000005
02:31:40.828 TickProc Error #401 C0000005
02:31:40.921 TickProc Error #401 C0000005
02:31:40.015 TickProc Error #401 C0000005
02:31:40.125 TickProc Error #401 C0000005
02:31:40.218 TickProc Error #401 C0000005
02:31:40.312 TickProc Error #401 C0000005
02:31:40.406 TickProc Error #401 C0000005
02:31:40.437 TickProc Error #401 C0000005
02:31:41.500 TickProc Error #401 C0000005
02:31:41.531 TickProc Error #401 C0000005
02:31:41.625 TickProc Error #401 C0000005
02:31:41.109 TickProc Error #401 C0000005
02:31:41.234 TickProc Error #401 C0000005
02:31:41.328 TickProc Error #401 C0000005
02:31:41.406 TickProc Error #401 C0000005
02:31:42.531 TickProc Error #401 C0000005
02:31:42.609 TickProc Error #401 C0000005
02:31:42.656 TickProc Error #401 C0000005
02:31:42.718 TickProc Error #401 C0000005
02:31:42.781 TickProc Error #401 C0000005
02:31:42.812 TickProc Error #401 C0000005
02:31:42.906 TickProc Error #401 C0000005
02:31:42.390 TickProc Error #401 C0000005
02:31:42.421 TickProc Error #401 C0000005
02:31:43.515 TickProc Error #401 C0000005
02:31:43.609 TickProc Error #401 C0000005
02:31:43.734 TickProc Error #401 C0000005
02:31:43.828 TickProc Error #401 C0000005
02:31:43.937 TickProc Error #401 C0000005
02:31:43.031 TickProc Error #401 C0000005
02:31:43.125 TickProc Error #401 C0000005
02:31:43.234 TickProc Error #401 C0000005
02:31:43.312 TickProc Error #401 C0000005
02:31:43.406 TickProc Error #401 C0000005
02:31:43.437 TickProc Error #401 C0000005
02:31:44.546 TickProc Error #401 C0000005
02:31:44.609 TickProc Error #401 C0000005
02:31:44.671 TickProc Error #401 C0000005
02:31:44.734 TickProc Error #401 C0000005
02:31:44.828 TickProc Error #401 C0000005
02:31:44.921 TickProc Error #401 C0000005
02:31:44.015 TickProc Error #401 C0000005
02:31:44.109 TickProc Error #401 C0000005
02:31:44.187 TickProc Error #401 C0000005
02:31:44.218 TickProc Error #401 C0000005
02:31:44.312 TickProc Error #401 C0000005
02:31:44.406 TickProc Error #401 C0000005
02:31:45.687 TickProc Error #401 C0000005
02:31:45.718 TickProc Error #401 C0000005
02:31:45.796 TickProc Error #401 C0000005
02:31:45.828 TickProc Error #401 C0000005
02:31:45.328 TickProc Error #401 C0000005
02:31:45.359 TickProc Error #401 C0000005
02:31:45.406 TickProc Error #401 C0000005
02:31:46.515 TickProc Error #401 C0000005
02:31:46.609 TickProc Error #401 C0000005
02:31:46.718 TickProc Error #401 C0000005
02:31:46.812 TickProc Error #401 C0000005
02:31:46.906 TickProc Error #401 C0000005
02:31:46.953 TickProc Error #401 C0000005
02:31:46.015 TickProc Error #401 C0000005
02:31:46.125 TickProc Error #401 C0000005
02:31:46.218 TickProc Error #401 C0000005
02:31:46.265 TickProc Error #401 C0000005
02:31:46.328 TickProc Error #401 C0000005
02:31:46.359 TickProc Error #401 C0000005
02:31:46.421 TickProc Error #401 C0000005
02:31:47.906 TickProc Error #401 C0000005
02:31:47.968 TickProc Error #401 C0000005
02:31:47.031 TickProc Error #401 C0000005
02:31:47.125 TickProc Error #401 C0000005
02:31:47.218 TickProc Error #401 C0000005
02:31:47.312 TickProc Error #401 C0000005
02:31:47.437 TickProc Error #401 C0000005
02:31:48.515 TickProc Error #401 C0000005
02:31:48.546 TickProc Error #401 C0000005
02:31:48.609 TickProc Error #401 C0000005
02:31:48.734 TickProc Error #401 C0000005
02:31:48.828 TickProc Error #401 C0000005
02:31:48.921 TickProc Error #401 C0000005
02:31:48.015 TickProc Error #401 C0000005
02:31:48.125 TickProc Error #401 C0000005
02:31:48.218 TickProc Error #401 C0000005
02:31:48.343 TickProc Error #401 C0000005
02:31:48.406 TickProc Error #401 C0000005
02:31:49.531 TickProc Error #401 C0000005
02:31:49.625 TickProc Error #401 C0000005
02:31:49.734 TickProc Error #401 C0000005
02:31:49.828 TickProc Error #401 C0000005
02:31:50.718 TickProc Error #401 C0000005
02:31:50.812 TickProc Error #401 C0000005
02:31:50.906 TickProc Error #401 C0000005
02:51:46.281 HkeyProc Error #502 C0000005 on hotkey:  listas 'Gold Changer' | stackitems | if [ $itemcount.3031 >= 100 ] equipbelt 3031 | if [$beltslot.id == 3031 && $beltslot.count == 100] useitem 3031 | stackitems | if [ $itemcount.3035 >= 100 ] equipbelt 3035 | if [$beltslot.id == 3035 && $beltslot.count == 100] useitem 3035 | stackitems | if [ $itemcount.3043 >= 100 ] equipbelt 3043 | if [$beltslot.id == 3043 && $beltslot.count == 100] useitem 3043 command: stackitems
02:51:46.281 HkeyProc Error #502 C0000005 on hotkey:  listas 'Outfit' | setoutfitcolor '$name' $self.color1 $self.color2 $self.color3 $self.color4 3 | setoutfit 152 command: setoutfit
02:51:46.375 HkeyProc Error #502 C0000005 on hotkey:  listas 'Loot & Pick Up' | lootitems | collectitems 'Backpack' 8060 9148 3507 11455 6529 406 3043 11651 3368 3424 3555 3388 3414 3031 3035 3725  3492 3447 7368 5801 9019 8090 6529 3051 8097 10384 3553 3560 3068 10345 654 3079 3392 3386 3363 9017 | lootitems  command: collectitems
02:51:47.484 HkeyProc Error #502 C0000005 on hotkey:  listas 'Gold Changer' | stackitems | if [ $itemcount.3031 >= 100 ] equipbelt 3031 | if [$beltslot.id == 3031 && $beltslot.count == 100] useitem 3031 | stackitems | if [ $itemcount.3035 >= 100 ] equipbelt 3035 | if [$beltslot.id == 3035 && $beltslot.count == 100] useitem 3035 | stackitems | if [ $itemcount.3043 >= 100 ] equipbelt 3043 | if [$beltslot.id == 3043 && $beltslot.count == 100] useitem 3043 command: stackitems
02:51:47.484 HkeyProc Error #502 C0000005 on hotkey:  listas 'Outfit' | setoutfitcolor '$name' $self.color1 $self.color2 $self.color3 $self.color4 3 | setoutfit 152 command: setoutfit
02:51:47.578 HkeyProc Error #502 C0000005 on hotkey:  listas 'Loot & Pick Up' | lootitems | collectitems 'Backpack' 8060 9148 3507 11455 6529 406 3043 11651 3368 3424 3555 3388 3414 3031 3035 3725  3492 3447 7368 5801 9019 8090 6529 3051 8097 10384 3553 3560 3068 10345 654 3079 3392 3386 3363 9017 | lootitems  command: collectitems
02:51:47.687 HkeyProc Error #502 C0000005 on hotkey:  listas 'Gold Changer' | stackitems | if [ $itemcount.3031 >= 100 ] equipbelt 3031 | if [$beltslot.id == 3031 && $beltslot.count == 100] useitem 3031 | stackitems | if [ $itemcount.3035 >= 100 ] equipbelt 3035 | if [$beltslot.id == 3035 && $beltslot.count == 100] useitem 3035 | stackitems | if [ $itemcount.3043 >= 100 ] equipbelt 3043 | if [$beltslot.id == 3043 && $beltslot.count == 100] useitem 3043 command: stackitems
02:51:47.687 HkeyProc Error #502 C0000005 on hotkey:  listas 'Outfit' | setoutfitcolor '$name' $self.color1 $self.color2 $self.color3 $self.color4 3 | setoutfit 152 command: setoutfit
02:51:47.781 HkeyProc Error #502 C0000005 on hotkey:  listas 'Loot & Pick Up' | lootitems | collectitems 'Backpack' 8060 9148 3507 11455 6529 406 3043 11651 3368 3424 3555 3388 3414 3031 3035 3725  3492 3447 7368 5801 9019 8090 6529 3051 8097 10384 3553 3560 3068 10345 654 3079 3392 3386 3363 9017 | lootitems  command: collectitems
02:51:47.906 HkeyProc Error #502 C0000005 on hotkey:  listas 'Gold Changer' | stackitems | if [ $itemcount.3031 >= 100 ] equipbelt 3031 | if [$beltslot.id == 3031 && $beltslot.count == 100] useitem 3031 | stackitems | if [ $itemcount.3035 >= 100 ] equipbelt 3035 | if [$beltslot.id == 3035 && $beltslot.count == 100] useitem 3035 | stackitems | if [ $itemcount.3043 >= 100 ] equipbelt 3043 | if [$beltslot.id == 3043 && $beltslot.count == 100] useitem 3043 command: stackitems
02:51:47.906 HkeyProc Error #502 C0000005 on hotkey:  listas 'Outfit' | setoutfitcolor '$name' $self.color1 $self.color2 $self.color3 $self.color4 3 | setoutfit 152 command: setoutfit
02:51:47.984 HkeyProc Error #502 C0000005 on hotkey:  listas 'Loot & Pick Up' | lootitems | collectitems 'Backpack' 8060 9148 3507 11455 6529 406 3043 11651 3368 3424 3555 3388 3414 3031 3035 3725  3492 3447 7368 5801 9019 8090 6529 3051 8097 10384 3553 3560 3068 10345 654 3079 3392 3386 3363 9017 | lootitems  command: collectitems
02:51:47.109 HkeyProc Error #502 C0000005 on hotkey:  listas 'Gold Changer' | stackitems | if [ $itemcount.3031 >= 100 ] equipbelt 3031 | if [$beltslot.id == 3031 && $beltslot.count == 100] useitem 3031 | stackitems | if [ $itemcount.3035 >= 100 ] equipbelt 3035 | if [$beltslot.id == 3035 && $beltslot.count == 100] useitem 3035 | stackitems | if [ $itemcount.3043 >= 100 ] equipbelt 3043 | if [$beltslot.id == 3043 && $beltslot.count == 100] useitem 3043 command: stackitems
02:51:47.109 HkeyProc Error #502 C0000005 on hotkey:  listas 'Outfit' | setoutfitcolor '$name' $self.color1 $self.color2 $self.color3 $self.color4 3 | setoutfit 152 command: setoutfit
02:51:47.187 HkeyProc Error #502 C0000005 on hotkey:  listas 'Loot & Pick Up' | lootitems | collectitems 'Backpack' 8060 9148 3507 11455 6529 406 3043 11651 3368 3424 3555 3388 3414 3031 3035 3725  3492 3447 7368 5801 9019 8090 6529 3051 8097 10384 3553 3560 3068 10345 654 3079 3392 3386 3363 9017 | lootitems  command: collectitems
02:51:47.312 HkeyProc Error #502 C0000005 on hotkey:  listas 'Gold Changer' | stackitems | if [ $itemcount.3031 >= 100 ] equipbelt 3031 | if [$beltslot.id == 3031 && $beltslot.count == 100] useitem 3031 | stackitems | if [ $itemcount.3035 >= 100 ] equipbelt 3035 | if [$beltslot.id == 3035 && $beltslot.count == 100] useitem 3035 | stackitems | if [ $itemcount.3043 >= 100 ] equipbelt 3043 | if [$beltslot.id == 3043 && $beltslot.count == 100] useitem 3043 command: stackitems
02:51:47.312 HkeyProc Error #502 C0000005 on hotkey:  listas 'Outfit' | setoutfitcolor '$name' $self.color1 $self.color2 $self.color3 $self.color4 3 | setoutfit 152 command: setoutfit
02:51:47.390 HkeyProc Error #502 C0000005 on hotkey:  listas 'Loot & Pick Up' | lootitems | collectitems 'Backpack' 8060 9148 3507 11455 6529 406 3043 11651 3368 3424 3555 3388 3414 3031 3035 3725  3492 3447 7368 5801 9019 8090 6529 3051 8097 10384 3553 3560 3068 10345 654 3079 3392 3386 3363 9017 | lootitems  command: collectitems
02:51:48.515 HkeyProc Error #502 C0000005 on hotkey:  listas 'Gold Changer' | stackitems | if [ $itemcount.3031 >= 100 ] equipbelt 3031 | if [$beltslot.id == 3031 && $beltslot.count == 100] useitem 3031 | stackitems | if [ $itemcount.3035 >= 100 ] equipbelt 3035 | if [$beltslot.id == 3035 && $beltslot.count == 100] useitem 3035 | stackitems | if [ $itemcount.3043 >= 100 ] equipbelt 3043 | if [$beltslot.id == 3043 && $beltslot.count == 100] useitem 3043 command: stackitems
02:51:48.515 HkeyProc Error #502 C0000005 on hotkey:  listas 'Outfit' | setoutfitcolor '$name' $self.color1 $self.color2 $self.color3 $self.color4 3 | setoutfit 152 command: setoutfit
02:51:48.593 HkeyProc Error #502 C0000005 on hotkey:  listas 'Loot & Pick Up' | lootitems | collectitems 'Backpack' 8060 9148 3507 11455 6529 406 3043 11651 3368 3424 3555 3388 3414 3031 3035 3725  3492 3447 7368 5801 9019 8090 6529 3051 8097 10384 3553 3560 3068 10345 654 3079 3392 3386 3363 9017 | lootitems  command: collectitems
02:51:48.734 HkeyProc Error #502 C0000005 on hotkey:  listas 'Gold Changer' | stackitems | if [ $itemcount.3031 >= 100 ] equipbelt 3031 | if [$beltslot.id == 3031 && $beltslot.count == 100] useitem 3031 | stackitems | if [ $itemcount.3035 >= 100 ] equipbelt 3035 | if [$beltslot.id == 3035 && $beltslot.count == 100] useitem 3035 | stackitems | if [ $itemcount.3043 >= 100 ] equipbelt 3043 | if [$beltslot.id == 3043 && $beltslot.count == 100] useitem 3043 command: stackitems
02:51:48.734 HkeyProc Error #502 C0000005 on hotkey:  listas 'Outfit' | setoutfitcolor '$name' $self.color1 $self.color2 $self.color3 $self.color4 3 | setoutfit 152 command: setoutfit
02:51:48.796 HkeyProc Error #502 C0000005 on hotkey:  listas 'Loot & Pick Up' | lootitems | collectitems 'Backpack' 8060 9148 3507 11455 6529 406 3043 11651 3368 3424 3555 3388 3414 3031 3035 3725  3492 3447 7368 5801 9019 8090 6529 3051 8097 10384 3553 3560 3068 10345 654 3079 3392 3386 3363 9017 | lootitems  command: collectitems
02:51:48.937 HkeyProc Error #502 C0000005 on hotkey:  listas 'Gold Changer' | stackitems | if [ $itemcount.3031 >= 100 ] equipbelt 3031 | if [$beltslot.id == 3031 && $beltslot.count == 100] useitem 3031 | stackitems | if [ $itemcount.3035 >= 100 ] equipbelt 3035 | if [$beltslot.id == 3035 && $beltslot.count == 100] useitem 3035 | stackitems | if [ $itemcount.3043 >= 100 ] equipbelt 3043 | if [$beltslot.id == 3043 && $beltslot.count == 100] useitem 3043 command: stackitems
02:51:48.937 HkeyProc Error #502 C0000005 on hotkey:  listas 'Outfit' | setoutfitcolor '$name' $self.color1 $self.color2 $self.color3 $self.color4 3 | setoutfit 152 command: setoutfit
02:51:48.000 HkeyProc Error #502 C0000005 on hotkey:  listas 'Loot & Pick Up' | lootitems | collectitems 'Backpack' 8060 9148 3507 11455 6529 406 3043 11651 3368 3424 3555 3388 3414 3031 3035 3725  3492 3447 7368 5801 9019 8090 6529 3051 8097 10384 3553 3560 3068 10345 654 3079 3392 3386 3363 9017 | lootitems  command: collectitems
02:51:48.140 HkeyProc Error #502 C0000005 on hotkey:  listas 'Gold Changer' | stackitems | if [ $itemcount.3031 >= 100 ] equipbelt 3031 | if [$beltslot.id == 3031 && $beltslot.count == 100] useitem 3031 | stackitems | if [ $itemcount.3035 >= 100 ] equipbelt 3035 | if [$beltslot.id == 3035 && $beltslot.count == 100] useitem 3035 | stackitems | if [ $itemcount.3043 >= 100 ] equipbelt 3043 | if [$beltslot.id == 3043 && $beltslot.count == 100] useitem 3043 command: stackitems
02:51:48.140 HkeyProc Error #502 C0000005 on hotkey:  listas 'Outfit' | setoutfitcolor '$name' $self.color1 $self.color2 $self.color3 $self.color4 3 | setoutfit 152 command: setoutfit
02:51:48.203 HkeyProc Error #502 C0000005 on hotkey:  listas 'Loot & Pick Up' | lootitems | collectitems 'Backpack' 8060 9148 3507 11455 6529 406 3043 11651 3368 3424 3555 3388 3414 3031 3035 3725  3492 3447 7368 5801 9019 8090 6529 3051 8097 10384 3553 3560 3068 10345 654 3079 3392 3386 3363 9017 | lootitems  command: collectitems
02:51:48.343 HkeyProc Error #502 C0000005 on hotkey:  listas 'Gold Changer' | stackitems | if [ $itemcount.3031 >= 100 ] equipbelt 3031 | if [$beltslot.id == 3031 && $beltslot.count == 100] useitem 3031 | stackitems | if [ $itemcount.3035 >= 100 ] equipbelt 3035 | if [$beltslot.id == 3035 && $beltslot.count == 100] useitem 3035 | stackitems | if [ $itemcount.3043 >= 100 ] equipbelt 3043 | if [$beltslot.id == 3043 && $beltslot.count == 100] useitem 3043 command: stackitems
02:51:48.343 HkeyProc Error #502 C0000005 on hotkey:  listas 'Outfit' | setoutfitcolor '$name' $self.color1 $self.color2 $self.color3 $self.color4 3 | setoutfit 152 command: setoutfit
02:51:48.406 HkeyProc Error #502 C0000005 on hotkey:  listas 'Loot & Pick Up' | lootitems | collectitems 'Backpack' 8060 9148 3507 11455 6529 406 3043 11651 3368 3424 3555 3388 3414 3031 3035 3725  3492 3447 7368 5801 9019 8090 6529 3051 8097 10384 3553 3560 3068 10345 654 3079 3392 3386 3363 9017 | lootitems  command: collectitems
02:51:49.546 HkeyProc Error #502 C0000005 on hotkey:  listas 'Gold Changer' | stackitems | if [ $itemcount.3031 >= 100 ] equipbelt 3031 | if [$beltslot.id == 3031 && $beltslot.count == 100] useitem 3031 | stackitems | if [ $itemcount.3035 >= 100 ] equipbelt 3035 | if [$beltslot.id == 3035 && $beltslot.count == 100] useitem 3035 | stackitems | if [ $itemcount.3043 >= 100 ] equipbelt 3043 | if [$beltslot.id == 3043 && $beltslot.count == 100] useitem 3043 command: stackitems
02:51:49.546 HkeyProc Error #502 C0000005 on hotkey:  listas 'Outfit' | setoutfitcolor '$name' $self.color1 $self.color2 $self.color3 $self.color4 3 | setoutfit 152 command: setoutfit
02:51:49.609 HkeyProc Error #502 C0000005 on hotkey:  listas 'Loot & Pick Up' | lootitems | collectitems 'Backpack' 8060 9148 3507 11455 6529 406 3043 11651 3368 3424 3555 3388 3414 3031 3035 3725  3492 3447 7368 5801 9019 8090 6529 3051 8097 10384 3553 3560 3068 10345 654 3079 3392 3386 3363 9017 | lootitems  command: collectitems
02:51:49.750 HkeyProc Error #502 C0000005 on hotkey:  listas 'Gold Changer' | stackitems | if [ $itemcount.3031 >= 100 ] equipbelt 3031 | if [$beltslot.id == 3031 && $beltslot.count == 100] useitem 3031 | stackitems | if [ $itemcount.3035 >= 100 ] equipbelt 3035 | if [$beltslot.id == 3035 && $beltslot.count == 100] useitem 3035 | stackitems | if [ $itemcount.3043 >= 100 ] equipbelt 3043 | if [$beltslot.id == 3043 && $beltslot.count == 100] useitem 3043 command: stackitems
02:51:49.750 HkeyProc Error #502 C0000005 on hotkey:  listas 'Outfit' | setoutfitcolor '$name' $self.color1 $self.color2 $self.color3 $self.color4 3 | setoutfit 152 command: setoutfit
02:51:49.812 HkeyProc Error #502 C0000005 on hotkey:  listas 'Loot & Pick Up' | lootitems | collectitems 'Backpack' 8060 9148 3507 11455 6529 406 3043 11651 3368 3424 3555 3388 3414 3031 3035 3725  3492 3447 7368 5801 9019 8090 6529 3051 8097 10384 3553 3560 3068 10345 654 3079 3392 3386 3363 9017 | lootitems  command: collectitems
02:51:49.953 HkeyProc Error #502 C0000005 on hotkey:  listas 'Gold Changer' | stackitems | if [ $itemcount.3031 >= 100 ] equipbelt 3031 | if [$beltslot.id == 3031 && $beltslot.count == 100] useitem 3031 | stackitems | if [ $itemcount.3035 >= 100 ] equipbelt 3035 | if [$beltslot.id == 3035 && $beltslot.count == 100] useitem 3035 | stackitems | if [ $itemcount.3043 >= 100 ] equipbelt 3043 | if [$beltslot.id == 3043 && $beltslot.count == 100] useitem 3043 command: stackitems
02:51:49.953 HkeyProc Error #502 C0000005 on hotkey:  listas 'Outfit' | setoutfitcolor '$name' $self.color1 $self.color2 $self.color3 $self.color4 3 | setoutfit 152 command: setoutfit
02:51:49.015 HkeyProc Error #502 C0000005 on hotkey:  listas 'Loot & Pick Up' | lootitems | collectitems 'Backpack' 8060 9148 3507 11455 6529 406 3043 11651 3368 3424 3555 3388 3414 3031 3035 3725  3492 3447 7368 5801 9019 8090 6529 3051 8097 10384 3553 3560 3068 10345 654 3079 3392 3386 3363 9017 | lootitems  command: collectitems
02:51:49.156 HkeyProc Error #502 C0000005 on hotkey:  listas 'Gold Changer' | stackitems | if [ $itemcount.3031 >= 100 ] equipbelt 3031 | if [$beltslot.id == 3031 && $beltslot.count == 100] useitem 3031 | stackitems | if [ $itemcount.3035 >= 100 ] equipbelt 3035 | if [$beltslot.id == 3035 && $beltslot.count == 100] useitem 3035 | stackitems | if [ $itemcount.3043 >= 100 ] equipbelt 3043 | if [$beltslot.id == 3043 && $beltslot.count == 100] useitem 3043 command: stackitems
02:51:49.156 HkeyProc Error #502 C0000005 on hotkey:  listas 'Outfit' | setoutfitcolor '$name' $self.color1 $self.color2 $self.color3 $self.color4 3 | setoutfit 152 command: setoutfit
02:51:49.218 HkeyProc Error #502 C0000005 on hotkey:  listas 'Loot & Pick Up' | lootitems | collectitems 'Backpack' 8060 9148 3507 11455 6529 406 3043 11651 3368 3424 3555 3388 3414 3031 3035 3725  3492 3447 7368 5801 9019 8090 6529 3051 8097 10384 3553 3560 3068 10345 654 3079 3392 3386 3363 9017 | lootitems  command: collectitems
02:51:49.359 HkeyProc Error #502 C0000005 on hotkey:  listas 'Gold Changer' | stackitems | if [ $itemcount.3031 >= 100 ] equipbelt 3031 | if [$beltslot.id == 3031 && $beltslot.count == 100] useitem 3031 | stackitems | if [ $itemcount.3035 >= 100 ] equipbelt 3035 | if [$beltslot.id == 3035 && $beltslot.count == 100] useitem 3035 | stackitems | if [ $itemcount.3043 >= 100 ] equipbelt 3043 | if [$beltslot.id == 3043 && $beltslot.count == 100] useitem 3043 command: stackitems
02:51:49.359 HkeyProc Error #502 C0000005 on hotkey:  listas 'Outfit' | setoutfitcolor '$name' $self.color1 $self.color2 $self.color3 $self.color4 3 | setoutfit 152 command: setoutfit
02:51:49.421 HkeyProc Error #502 C0000005 on hotkey:  listas 'Loot & Pick Up' | lootitems | collectitems 'Backpack' 8060 9148 3507 11455 6529 406 3043 11651 3368 3424 3555 3388 3414 3031 3035 3725  3492 3447 7368 5801 9019 8090 6529 3051 8097 10384 3553 3560 3068 10345 654 3079 3392 3386 3363 9017 | lootitems  command: collectitems
02:51:50.578 HkeyProc Error #502 C0000005 on hotkey:  listas 'Gold Changer' | stackitems | if [ $itemcount.3031 >= 100 ] equipbelt 3031 | if [$beltslot.id == 3031 && $beltslot.count == 100] useitem 3031 | stackitems | if [ $itemcount.3035 >= 100 ] equipbelt 3035 | if [$beltslot.id == 3035 && $beltslot.count == 100] useitem 3035 | stackitems | if [ $itemcount.3043 >= 100 ] equipbelt 3043 | if [$beltslot.id == 3043 && $beltslot.count == 100] useitem 3043 command: stackitems
02:51:50.578 HkeyProc Error #502 C0000005 on hotkey:  listas 'Outfit' | setoutfitcolor '$name' $self.color1 $self.color2 $self.color3 $self.color4 3 | setoutfit 152 command: setoutfit
02:51:50.640 HkeyProc Error #502 C0000005 on hotkey:  listas 'Loot & Pick Up' | lootitems | collectitems 'Backpack' 8060 9148 3507 11455 6529 406 3043 11651 3368 3424 3555 3388 3414 3031 3035 3725  3492 3447 7368 5801 9019 8090 6529 3051 8097 10384 3553 3560 3068 10345 654 3079 3392 3386 3363 9017 | lootitems  command: collectitems
05:17:55.703 Elfbot NG 4.5.9 - Entry Started on Mittwoch Juni 11, 2025
05:17:55.703 TickProc Error #401 C0000005
05:17:55.125 TickProc Error #401 C0000005
05:17:56.515 TickProc Error #401 C0000005
05:17:56.406 TickProc Error #401 C0000005
05:17:57.531 TickProc Error #401 C0000005
05:17:57.640 TickProc Error #401 C0000005
05:17:57.703 TickProc Error #401 C0000005
05:17:57.828 TickProc Error #401 C0000005
05:17:57.921 TickProc Error #401 C0000005
05:17:57.937 TickProc Error #401 C0000005
05:17:57.015 TickProc Error #401 C0000005
05:17:57.031 TickProc Error #401 C0000005
05:17:57.140 TickProc Error #401 C0000005
05:17:57.203 TickProc Error #401 C0000005
05:17:57.234 TickProc Error #401 C0000005
05:17:57.328 TickProc Error #401 C0000005
05:17:57.421 TickProc Error #401 C0000005
05:17:58.515 TickProc Error #401 C0000005
05:17:58.546 TickProc Error #401 C0000005
05:17:58.609 TickProc Error #401 C0000005
05:17:58.656 TickProc Error #401 C0000005
05:17:58.718 TickProc Error #401 C0000005
05:17:58.750 TickProc Error #401 C0000005
05:17:58.812 TickProc Error #401 C0000005
05:17:58.843 TickProc Error #401 C0000005
05:17:58.906 TickProc Error #401 C0000005
05:17:58.968 TickProc Error #401 C0000005
05:17:58.031 TickProc Error #401 C0000005
05:17:58.062 TickProc Error #401 C0000005
05:17:58.109 TickProc Error #401 C0000005
05:17:58.171 TickProc Error #401 C0000005
05:17:58.203 TickProc Error #401 C0000005
05:17:58.265 TickProc Error #401 C0000005
05:17:58.312 TickProc Error #401 C0000005
05:17:58.421 TickProc Error #401 C0000005
05:17:59.515 TickProc Error #401 C0000005
05:17:59.609 TickProc Error #401 C0000005
05:17:59.671 TickProc Error #401 C0000005
05:17:59.703 TickProc Error #401 C0000005
05:17:59.765 TickProc Error #401 C0000005
05:17:59.843 TickProc Error #401 C0000005
05:17:59.875 TickProc Error #401 C0000005
05:17:59.906 TickProc Error #401 C0000005
05:17:59.968 TickProc Error #401 C0000005
05:17:59.031 TickProc Error #401 C0000005
05:17:59.093 TickProc Error #401 C0000005
05:17:59.125 TickProc Error #401 C0000005
05:17:59.218 TickProc Error #401 C0000005
05:17:59.328 TickProc Error #401 C0000005
05:17:59.421 TickProc Error #401 C0000005
05:18:00.515 TickProc Error #401 C0000005
05:18:00.625 TickProc Error #401 C0000005
05:18:00.656 TickProc Error #401 C0000005
05:18:00.718 TickProc Error #401 C0000005
05:18:00.750 TickProc Error #401 C0000005
05:18:00.828 TickProc Error #401 C0000005
05:18:00.921 TickProc Error #401 C0000005
05:18:00.015 TickProc Error #401 C0000005
05:18:00.109 TickProc Error #401 C0000005
05:18:00.218 TickProc Error #401 C0000005
05:18:00.250 TickProc Error #401 C0000005
05:18:00.312 TickProc Error #401 C0000005
05:18:00.406 TickProc Error #401 C0000005
05:18:01.515 TickProc Error #401 C0000005
05:18:01.578 TickProc Error #401 C0000005
05:18:01.640 TickProc Error #401 C0000005
05:18:01.703 TickProc Error #401 C0000005
05:18:01.812 TickProc Error #401 C0000005
05:18:01.906 TickProc Error #401 C0000005
05:18:01.031 TickProc Error #401 C0000005
05:18:01.109 TickProc Error #401 C0000005
05:18:01.203 TickProc Error #401 C0000005
05:18:01.296 TickProc Error #401 C0000005
05:18:01.328 TickProc Error #401 C0000005
05:18:01.421 TickProc Error #401 C0000005
05:18:02.531 TickProc Error #401 C0000005
05:18:02.562 TickProc Error #401 C0000005
05:18:02.625 TickProc Error #401 C0000005
05:18:02.718 TickProc Error #401 C0000005
05:18:02.781 TickProc Error #401 C0000005
05:18:02.812 TickProc Error #401 C0000005
05:18:02.906 TickProc Error #401 C0000005
05:18:02.015 TickProc Error #401 C0000005
05:18:02.046 TickProc Error #401 C0000005
05:18:02.109 TickProc Error #401 C0000005
05:18:02.218 TickProc Error #401 C0000005
05:18:04.734 TickProc Error #401 C0000005
05:18:04.828 TickProc Error #401 C0000005
05:18:04.921 TickProc Error #401 C0000005
05:18:04.984 TickProc Error #401 C0000005
05:18:04.015 TickProc Error #401 C0000005
05:18:04.125 TickProc Error #401 C0000005
05:18:04.187 TickProc Error #401 C0000005
05:18:04.203 TickProc Error #401 C0000005
05:18:04.296 TickProc Error #401 C0000005
05:18:04.328 TickProc Error #401 C0000005
05:18:04.406 TickProc Error #401 C0000005
05:18:05.500 TickProc Error #401 C0000005
05:18:05.531 TickProc Error #401 C0000005
05:18:05.593 TickProc Error #401 C0000005
05:18:05.625 TickProc Error #401 C0000005
05:18:05.718 TickProc Error #401 C0000005
05:18:05.812 TickProc Error #401 C0000005
05:18:05.921 TickProc Error #401 C0000005
05:18:05.015 TickProc Error #401 C0000005
05:18:05.109 TickProc Error #401 C0000005
05:18:05.171 TickProc Error #401 C0000005
05:18:05.203 TickProc Error #401 C0000005
05:18:05.312 TickProc Error #401 C0000005
05:18:05.390 TickProc Error #401 C0000005
05:18:05.421 TickProc Error #401 C0000005
05:18:06.515 TickProc Error #401 C0000005
05:18:06.609 TickProc Error #401 C0000005
05:18:06.718 TickProc Error #401 C0000005
05:18:06.812 TickProc Error #401 C0000005
05:18:06.906 TickProc Error #401 C0000005
05:18:06.031 TickProc Error #401 C0000005
05:18:06.109 TickProc Error #401 C0000005
05:18:07.125 TickProc Error #401 C0000005
05:18:07.218 TickProc Error #401 C0000005
05:18:07.312 TickProc Error #401 C0000005
05:18:08.500 TickProc Error #401 C0000005
05:18:08.546 TickProc Error #401 C0000005
05:18:08.609 TickProc Error #401 C0000005
05:18:08.703 TickProc Error #401 C0000005
05:18:08.921 TickProc Error #401 C0000005
05:18:08.031 TickProc Error #401 C0000005
05:18:08.109 TickProc Error #401 C0000005
05:18:08.203 TickProc Error #401 C0000005
05:18:08.312 TickProc Error #401 C0000005
05:18:08.406 TickProc Error #401 C0000005
05:18:08.437 TickProc Error #401 C0000005
05:18:09.531 TickProc Error #401 C0000005
05:18:09.625 TickProc Error #401 C0000005
05:18:09.718 TickProc Error #401 C0000005
05:18:09.828 TickProc Error #401 C0000005
05:18:09.921 TickProc Error #401 C0000005
05:18:09.015 TickProc Error #401 C0000005
05:18:09.078 TickProc Error #401 C0000005
05:18:09.125 TickProc Error #401 C0000005
05:18:09.156 TickProc Error #401 C0000005
05:18:09.218 TickProc Error #401 C0000005
05:18:09.265 TickProc Error #401 C0000005
05:18:09.328 TickProc Error #401 C0000005
05:18:09.359 TickProc Error #401 C0000005
05:18:09.421 TickProc Error #401 C0000005
05:18:10.453 TickProc Error #401 C0000005
05:18:10.515 TickProc Error #401 C0000005
05:18:10.625 TickProc Error #401 C0000005
05:18:10.718 TickProc Error #401 C0000005
05:18:10.812 TickProc Error #401 C0000005
05:18:10.906 TickProc Error #401 C0000005
05:18:10.968 TickProc Error #401 C0000005
05:18:10.015 TickProc Error #401 C0000005
05:18:10.078 TickProc Error #401 C0000005
05:18:10.140 TickProc Error #401 C0000005
05:18:10.156 TickProc Error #401 C0000005
05:18:10.218 TickProc Error #401 C0000005
05:18:10.250 TickProc Error #401 C0000005
05:18:10.312 TickProc Error #401 C0000005
05:18:11.968 TickProc Error #401 C0000005
05:18:11.031 TickProc Error #401 C0000005
05:18:11.093 TickProc Error #401 C0000005
05:18:11.125 TickProc Error #401 C0000005
05:18:11.218 TickProc Error #401 C0000005
05:18:11.312 TickProc Error #401 C0000005
05:18:11.421 TickProc Error #401 C0000005
05:18:12.531 TickProc Error #401 C0000005
05:18:12.625 TickProc Error #401 C0000005
05:18:12.734 TickProc Error #401 C0000005
05:18:12.828 TickProc Error #401 C0000005
05:18:12.921 TickProc Error #401 C0000005
05:18:12.015 TickProc Error #401 C0000005
05:18:13.328 TickProc Error #401 C0000005
05:18:13.359 TickProc Error #401 C0000005
05:18:13.421 TickProc Error #401 C0000005
05:18:14.531 TickProc Error #401 C0000005
05:18:14.625 TickProc Error #401 C0000005
05:18:14.718 TickProc Error #401 C0000005
05:18:14.812 TickProc Error #401 C0000005
05:18:14.906 TickProc Error #401 C0000005
05:18:14.937 TickProc Error #401 C0000005
05:18:14.031 TickProc Error #401 C0000005
05:18:14.062 TickProc Error #401 C0000005
05:18:14.125 TickProc Error #401 C0000005
05:18:14.156 TickProc Error #401 C0000005
05:18:14.218 TickProc Error #401 C0000005
05:18:14.250 TickProc Error #401 C0000005
05:18:14.328 TickProc Error #401 C0000005
05:18:14.359 TickProc Error #401 C0000005
05:18:14.421 TickProc Error #401 C0000005
05:18:14.453 TickProc Error #401 C0000005
05:18:15.515 TickProc Error #401 C0000005
06:12:43.234 Elfbot NG 4.5.9 - Entry Started on Mittwoch Juni 11, 2025
06:12:43.234 TickProc Error #401 C0000005
06:12:43.328 TickProc Error #401 C0000005
06:12:43.406 TickProc Error #401 C0000005
06:12:44.500 TickProc Error #401 C0000005
06:12:44.593 TickProc Error #401 C0000005
06:12:44.625 TickProc Error #401 C0000005
06:12:44.687 TickProc Error #401 C0000005
06:12:44.718 TickProc Error #401 C0000005
06:12:47.015 TickProc Error #401 C0000005
06:12:47.109 TickProc Error #401 C0000005
06:12:47.203 TickProc Error #401 C0000005
06:12:47.328 TickProc Error #401 C0000005
06:12:47.406 TickProc Error #401 C0000005
06:12:48.468 TickProc Error #401 C0000005
06:12:48.500 TickProc Error #401 C0000005
06:12:48.609 TickProc Error #401 C0000005
06:12:48.640 TickProc Error #401 C0000005
06:12:48.718 TickProc Error #401 C0000005
06:12:48.812 TickProc Error #401 C0000005
06:12:48.875 TickProc Error #401 C0000005
06:12:48.906 TickProc Error #401 C0000005
06:59:57.125 Elfbot NG 4.5.9 - Entry Started on Mittwoch Juni 11, 2025
06:59:57.125 HkeyProc Error #502 C0000005 on hotkey:  listas 'Loot & Pick Up' | lootitems | collectitems 'Backpack' 8060 9148 3507 11455 6529 406 3043 11651 3368 3424 3555 3388 3414 3031 3035 3725  3492 3447 7368 5801 9019 8090 6529 3051 8097 10384 3553 3560 3068 10345 654 3079 3392 3386 3363 9017 | lootitems  command: collectitems
09:21:59.843 Elfbot NG 4.5.9 - Entry Started on Mittwoch Juni 11, 2025
09:21:59.859 TickProc Error #401 C0000005
09:21:59.906 TickProc Error #401 C0000005
09:21:59.015 TickProc Error #401 C0000005
09:21:59.125 TickProc Error #401 C0000005
09:21:59.218 TickProc Error #401 C0000005
09:21:59.312 TickProc Error #401 C0000005
09:21:59.421 TickProc Error #401 C0000005
09:21:59.500 TickProc Error #401 C0000005
09:22:00.812 TickProc Error #401 C0000005
09:22:00.921 TickProc Error #401 C0000005
09:22:00.015 TickProc Error #401 C0000005
09:22:00.125 TickProc Error #401 C0000005
09:22:00.156 TickProc Error #401 C0000005
09:22:00.218 TickProc Error #401 C0000005
09:22:00.328 TickProc Error #401 C0000005
09:22:00.406 TickProc Error #401 C0000005
09:22:00.500 TickProc Error #401 C0000005
09:22:00.609 TickProc Error #401 C0000005
09:22:01.703 TickProc Error #401 C0000005
09:22:01.750 TickProc Error #401 C0000005
09:22:01.812 TickProc Error #401 C0000005
09:22:01.890 TickProc Error #401 C0000005
09:22:01.937 TickProc Error #401 C0000005
09:22:01.000 TickProc Error #401 C0000005
09:22:01.062 TickProc Error #401 C0000005
09:22:01.125 TickProc Error #401 C0000005
09:22:01.203 TickProc Error #401 C0000005
09:22:02.953 TickProc Error #401 C0000005
09:22:02.015 TickProc Error #401 C0000005
09:22:02.109 TickProc Error #401 C0000005
09:22:02.203 TickProc Error #401 C0000005
09:22:02.312 TickProc Error #401 C0000005
09:22:02.406 TickProc Error #401 C0000005
09:22:02.515 TickProc Error #401 C0000005
09:22:03.609 TickProc Error #401 C0000005
09:22:03.718 TickProc Error #401 C0000005
09:22:03.812 TickProc Error #401 C0000005
09:22:03.921 TickProc Error #401 C0000005
09:22:03.015 TickProc Error #401 C0000005
09:22:03.046 TickProc Error #401 C0000005
09:22:03.125 TickProc Error #401 C0000005
09:22:03.218 TickProc Error #401 C0000005
09:22:03.296 TickProc Error #401 C0000005
09:22:03.328 TickProc Error #401 C0000005
09:22:03.406 TickProc Error #401 C0000005
09:22:03.468 TickProc Error #401 C0000005
09:22:03.500 TickProc Error #401 C0000005
09:22:04.625 TickProc Error #401 C0000005
09:22:04.718 TickProc Error #401 C0000005
09:22:05.203 TickProc Error #401 C0000005
09:22:05.312 TickProc Error #401 C0000005
09:22:05.406 TickProc Error #401 C0000005
09:22:05.515 TickProc Error #401 C0000005
09:22:05.609 TickProc Error #401 C0000005
09:22:06.718 TickProc Error #401 C0000005
09:22:06.812 TickProc Error #401 C0000005
09:22:06.906 TickProc Error #401 C0000005
09:22:06.000 TickProc Error #401 C0000005
09:22:06.109 TickProc Error #401 C0000005
09:22:06.203 TickProc Error #401 C0000005
09:22:06.312 TickProc Error #401 C0000005
09:22:06.406 TickProc Error #401 C0000005
09:22:06.515 TickProc Error #401 C0000005
09:22:07.625 TickProc Error #401 C0000005
09:22:07.718 TickProc Error #401 C0000005
09:22:08.687 TickProc Error #401 C0000005
09:22:08.703 TickProc Error #401 C0000005
09:22:08.765 TickProc Error #401 C0000005
09:22:08.828 TickProc Error #401 C0000005
09:22:08.906 TickProc Error #401 C0000005
09:22:08.000 TickProc Error #401 C0000005
09:22:08.109 TickProc Error #401 C0000005
09:22:08.218 TickProc Error #401 C0000005
09:22:08.312 TickProc Error #401 C0000005
09:22:08.421 TickProc Error #401 C0000005
09:22:08.515 TickProc Error #401 C0000005
09:22:08.593 TickProc Error #401 C0000005
09:22:09.625 TickProc Error #401 C0000005
09:22:09.500 TickProc Error #401 C0000005
09:22:10.625 TickProc Error #401 C0000005
09:22:10.703 TickProc Error #401 C0000005
09:22:10.828 TickProc Error #401 C0000005
09:22:10.921 TickProc Error #401 C0000005
09:22:11.921 TickProc Error #401 C0000005
09:22:11.015 TickProc Error #401 C0000005
09:22:11.125 TickProc Error #401 C0000005
09:22:11.203 TickProc Error #401 C0000005
09:22:11.328 TickProc Error #401 C0000005
09:22:11.406 TickProc Error #401 C0000005
09:22:11.500 TickProc Error #401 C0000005
09:22:11.546 TickProc Error #401 C0000005
09:22:12.609 TickProc Error #401 C0000005
09:22:12.703 TickProc Error #401 C0000005
09:22:12.812 TickProc Error #401 C0000005
09:22:12.906 TickProc Error #401 C0000005
09:22:12.015 TickProc Error #401 C0000005
09:22:12.109 TickProc Error #401 C0000005
09:22:12.140 TickProc Error #401 C0000005
09:22:12.203 TickProc Error #401 C0000005
09:22:12.234 TickProc Error #401 C0000005
09:22:12.312 TickProc Error #401 C0000005
09:22:12.406 TickProc Error #401 C0000005
09:22:12.500 TickProc Error #401 C0000005
09:22:13.609 TickProc Error #401 C0000005
09:22:13.703 TickProc Error #401 C0000005
09:22:13.734 TickProc Error #401 C0000005
09:22:13.812 TickProc Error #401 C0000005
09:22:13.843 TickProc Error #401 C0000005
09:22:13.906 TickProc Error #401 C0000005
09:22:13.953 TickProc Error #401 C0000005
09:22:13.015 TickProc Error #401 C0000005
09:22:13.046 TickProc Error #401 C0000005
09:22:13.109 TickProc Error #401 C0000005
09:22:13.218 TickProc Error #401 C0000005
09:22:13.312 TickProc Error #401 C0000005
09:22:13.406 TickProc Error #401 C0000005
09:22:13.515 TickProc Error #401 C0000005
09:22:14.609 TickProc Error #401 C0000005
09:22:14.718 TickProc Error #401 C0000005
09:22:14.812 TickProc Error #401 C0000005
09:22:14.921 TickProc Error #401 C0000005
09:22:14.000 TickProc Error #401 C0000005
09:22:14.031 TickProc Error #401 C0000005
09:22:14.125 TickProc Error #401 C0000005
09:22:14.203 TickProc Error #401 C0000005
09:22:14.234 TickProc Error #401 C0000005
09:22:14.312 TickProc Error #401 C0000005
09:22:14.406 TickProc Error #401 C0000005
09:22:14.437 TickProc Error #401 C0000005
09:22:14.500 TickProc Error #401 C0000005
09:22:14.609 TickProc Error #401 C0000005
09:22:15.718 TickProc Error #401 C0000005
09:22:15.812 TickProc Error #401 C0000005
09:22:15.859 TickProc Error #401 C0000005
09:22:15.906 TickProc Error #401 C0000005
09:22:15.968 TickProc Error #401 C0000005
09:22:15.000 TickProc Error #401 C0000005
09:22:15.093 TickProc Error #401 C0000005
09:22:15.109 TickProc Error #401 C0000005
09:22:15.171 TickProc Error #401 C0000005
09:22:15.203 TickProc Error #401 C0000005
09:22:15.296 TickProc Error #401 C0000005
09:22:15.312 TickProc Error #401 C0000005
09:22:15.375 TickProc Error #401 C0000005
09:22:15.406 TickProc Error #401 C0000005
09:22:15.500 TickProc Error #401 C0000005
09:22:15.593 TickProc Error #401 C0000005
09:22:16.625 TickProc Error #401 C0000005
09:22:16.703 TickProc Error #401 C0000005
09:22:16.828 TickProc Error #401 C0000005
09:22:16.906 TickProc Error #401 C0000005
09:22:16.000 TickProc Error #401 C0000005
09:22:16.078 TickProc Error #401 C0000005
09:22:16.109 TickProc Error #401 C0000005
09:22:16.203 TickProc Error #401 C0000005
09:22:16.281 TickProc Error #401 C0000005
09:22:16.312 TickProc Error #401 C0000005
09:22:17.906 TickProc Error #401 C0000005
09:22:17.000 TickProc Error #401 C0000005
09:22:17.109 TickProc Error #401 C0000005
09:22:17.203 TickProc Error #401 C0000005
09:22:17.312 TickProc Error #401 C0000005
09:22:17.421 TickProc Error #401 C0000005
09:22:17.515 TickProc Error #401 C0000005
09:22:19.109 TickProc Error #401 C0000005
09:22:19.171 TickProc Error #401 C0000005
09:22:19.203 TickProc Error #401 C0000005
09:22:19.312 TickProc Error #401 C0000005
09:22:19.406 TickProc Error #401 C0000005
09:22:19.500 TickProc Error #401 C0000005
09:22:20.609 TickProc Error #401 C0000005
09:22:20.703 TickProc Error #401 C0000005
09:22:20.765 TickProc Error #401 C0000005
09:22:20.812 TickProc Error #401 C0000005
09:22:20.843 TickProc Error #401 C0000005
09:22:20.906 TickProc Error #401 C0000005
09:22:20.953 TickProc Error #401 C0000005
09:22:20.015 TickProc Error #401 C0000005
09:22:20.078 TickProc Error #401 C0000005
09:22:20.109 TickProc Error #401 C0000005
09:22:20.156 TickProc Error #401 C0000005
09:22:20.218 TickProc Error #401 C0000005
09:22:20.281 TickProc Error #401 C0000005
09:22:20.312 TickProc Error #401 C0000005
09:22:21.625 TickProc Error #401 C0000005
09:22:21.703 TickProc Error #401 C0000005
09:22:21.781 TickProc Error #401 C0000005
09:22:21.812 TickProc Error #401 C0000005
09:22:21.906 TickProc Error #401 C0000005
09:22:21.015 TickProc Error #401 C0000005
09:22:21.109 TickProc Error #401 C0000005
09:22:21.218 TickProc Error #401 C0000005
09:22:21.250 TickProc Error #401 C0000005
09:22:21.312 TickProc Error #401 C0000005
09:22:21.421 TickProc Error #401 C0000005
09:22:21.515 TickProc Error #401 C0000005
09:22:22.625 TickProc Error #401 C0000005
09:22:22.703 TickProc Error #401 C0000005
09:22:22.734 TickProc Error #401 C0000005
09:22:22.828 TickProc Error #401 C0000005
09:22:22.859 TickProc Error #401 C0000005
09:22:22.921 TickProc Error #401 C0000005
09:22:22.093 TickProc Error #401 C0000005
09:22:22.125 TickProc Error #401 C0000005
09:22:22.500 TickProc Error #401 C0000005
09:22:22.562 TickProc Error #401 C0000005
09:22:23.625 TickProc Error #401 C0000005
09:22:23.703 TickProc Error #401 C0000005
09:22:23.812 TickProc Error #401 C0000005
09:22:23.906 TickProc Error #401 C0000005
09:22:23.015 TickProc Error #401 C0000005
09:22:23.125 TickProc Error #401 C0000005
09:22:23.218 TickProc Error #401 C0000005
09:22:23.328 TickProc Error #401 C0000005
09:22:23.359 TickProc Error #401 C0000005
09:22:23.406 TickProc Error #401 C0000005
09:22:23.437 TickProc Error #401 C0000005
09:22:23.500 TickProc Error #401 C0000005
09:22:23.609 TickProc Error #401 C0000005
09:22:24.703 TickProc Error #401 C0000005
09:22:24.765 TickProc Error #401 C0000005
09:22:24.812 TickProc Error #401 C0000005
09:22:24.921 TickProc Error #401 C0000005
09:22:24.000 TickProc Error #401 C0000005
09:22:24.125 TickProc Error #401 C0000005
09:22:24.203 TickProc Error #401 C0000005
09:22:24.296 TickProc Error #401 C0000005
09:22:24.328 TickProc Error #401 C0000005
09:22:24.406 TickProc Error #401 C0000005
09:22:24.500 TickProc Error #401 C0000005
09:22:24.609 TickProc Error #401 C0000005
09:22:25.640 TickProc Error #401 C0000005
09:22:25.703 TickProc Error #401 C0000005
09:22:25.765 TickProc Error #401 C0000005
09:22:25.812 TickProc Error #401 C0000005
09:22:25.890 TickProc Error #401 C0000005
09:22:25.921 TickProc Error #401 C0000005
09:22:25.000 TickProc Error #401 C0000005
09:22:25.062 TickProc Error #401 C0000005
09:22:25.125 TickProc Error #401 C0000005
09:22:25.203 TickProc Error #401 C0000005
09:22:25.234 TickProc Error #401 C0000005
09:22:25.328 TickProc Error #401 C0000005
09:22:25.375 TickProc Error #401 C0000005
09:22:25.406 TickProc Error #401 C0000005
09:22:25.500 TickProc Error #401 C0000005
09:22:25.609 TickProc Error #401 C0000005
09:22:26.703 TickProc Error #401 C0000005
09:22:26.828 TickProc Error #401 C0000005
09:22:26.890 TickProc Error #401 C0000005
09:22:26.921 TickProc Error #401 C0000005
09:22:26.000 TickProc Error #401 C0000005
09:22:26.062 TickProc Error #401 C0000005
09:22:26.109 TickProc Error #401 C0000005
09:22:26.203 TickProc Error #401 C0000005
09:22:26.312 TickProc Error #401 C0000005
09:22:26.375 TickProc Error #401 C0000005
09:22:26.406 TickProc Error #401 C0000005
09:22:26.515 TickProc Error #401 C0000005
09:22:26.546 TickProc Error #401 C0000005
09:22:26.609 TickProc Error #401 C0000005
09:22:27.812 TickProc Error #401 C0000005
09:22:27.921 TickProc Error #401 C0000005
09:22:27.015 TickProc Error #401 C0000005
09:22:27.125 TickProc Error #401 C0000005
09:22:27.203 TickProc Error #401 C0000005
09:22:27.312 TickProc Error #401 C0000005
09:22:28.078 TickProc Error #401 C0000005
09:22:28.125 TickProc Error #401 C0000005
09:22:28.203 TickProc Error #401 C0000005
09:22:28.328 TickProc Error #401 C0000005
09:22:28.421 TickProc Error #401 C0000005
09:22:28.515 TickProc Error #401 C0000005
09:22:29.625 TickProc Error #401 C0000005
09:22:29.703 TickProc Error #401 C0000005
09:22:29.890 TickProc Error #401 C0000005
09:22:29.906 TickProc Error #401 C0000005
09:22:29.000 TickProc Error #401 C0000005
09:22:29.109 TickProc Error #401 C0000005
09:22:29.203 TickProc Error #401 C0000005
09:22:29.312 TickProc Error #401 C0000005
09:22:29.406 TickProc Error #401 C0000005
09:22:29.437 TickProc Error #401 C0000005
09:22:29.515 TickProc Error #401 C0000005
09:22:29.531 TickProc Error #401 C0000005
09:22:30.703 TickProc Error #401 C0000005
09:22:30.421 TickProc Error #401 C0000005
09:22:30.515 TickProc Error #401 C0000005
09:22:31.625 TickProc Error #401 C0000005
09:22:31.718 TickProc Error #401 C0000005
09:22:31.828 TickProc Error #401 C0000005
09:22:31.921 TickProc Error #401 C0000005
09:22:31.015 TickProc Error #401 C0000005
09:22:31.109 TickProc Error #401 C0000005
09:22:31.218 TickProc Error #401 C0000005
09:22:31.328 TickProc Error #401 C0000005
09:22:31.500 TickProc Error #401 C0000005
09:22:31.531 TickProc Error #401 C0000005
09:22:32.828 TickProc Error #401 C0000005
09:22:32.906 TickProc Error #401 C0000005
09:22:32.937 TickProc Error #401 C0000005
09:22:32.000 TickProc Error #401 C0000005
09:22:32.125 TickProc Error #401 C0000005
09:22:32.218 TickProc Error #401 C0000005
09:22:32.328 TickProc Error #401 C0000005
09:22:32.421 TickProc Error #401 C0000005
09:22:32.500 TickProc Error #401 C0000005
09:22:33.609 TickProc Error #401 C0000005
09:22:33.703 TickProc Error #401 C0000005
09:22:33.812 TickProc Error #401 C0000005
09:22:33.906 TickProc Error #401 C0000005
09:22:33.000 TickProc Error #401 C0000005
09:22:33.109 TickProc Error #401 C0000005
09:22:33.203 TickProc Error #401 C0000005
09:22:33.250 TickProc Error #401 C0000005
09:22:33.328 TickProc Error #401 C0000005
09:22:33.359 TickProc Error #401 C0000005
09:22:33.406 TickProc Error #401 C0000005
09:22:33.468 TickProc Error #401 C0000005
09:22:33.500 TickProc Error #401 C0000005
09:22:33.562 TickProc Error #401 C0000005
09:22:33.609 TickProc Error #401 C0000005
09:22:34.671 TickProc Error #401 C0000005
09:22:34.703 TickProc Error #401 C0000005
09:22:34.765 TickProc Error #401 C0000005
09:22:34.812 TickProc Error #401 C0000005
09:22:34.906 TickProc Error #401 C0000005
09:22:34.015 TickProc Error #401 C0000005
09:22:34.109 TickProc Error #401 C0000005
09:22:34.218 TickProc Error #401 C0000005
09:22:34.328 TickProc Error #401 C0000005
09:22:34.406 TickProc Error #401 C0000005
09:22:34.500 TickProc Error #401 C0000005
09:22:34.531 TickProc Error #401 C0000005
09:22:35.609 TickProc Error #401 C0000005
09:22:35.671 TickProc Error #401 C0000005
09:22:35.703 TickProc Error #401 C0000005
09:22:35.781 TickProc Error #401 C0000005
09:22:35.812 TickProc Error #401 C0000005
09:22:35.921 TickProc Error #401 C0000005
09:22:35.015 TickProc Error #401 C0000005
09:22:35.078 TickProc Error #401 C0000005
09:22:35.109 TickProc Error #401 C0000005
09:22:35.187 TickProc Error #401 C0000005
09:22:35.218 TickProc Error #401 C0000005
09:22:35.281 TickProc Error #401 C0000005
09:22:35.312 TickProc Error #401 C0000005
09:22:35.390 TickProc Error #401 C0000005
09:22:35.421 TickProc Error #401 C0000005
09:22:35.468 TickProc Error #401 C0000005
09:22:35.515 TickProc Error #401 C0000005
09:22:35.578 TickProc Error #401 C0000005
09:22:36.609 TickProc Error #401 C0000005
09:22:36.718 TickProc Error #401 C0000005
09:22:36.812 TickProc Error #401 C0000005
09:22:36.921 TickProc Error #401 C0000005
09:22:36.015 TickProc Error #401 C0000005
09:22:36.093 TickProc Error #401 C0000005
09:22:36.125 TickProc Error #401 C0000005
09:22:36.203 TickProc Error #401 C0000005
09:22:36.328 TickProc Error #401 C0000005
09:22:36.406 TickProc Error #401 C0000005
09:22:36.500 TickProc Error #401 C0000005
09:22:36.593 TickProc Error #401 C0000005
09:22:36.609 TickProc Error #401 C0000005
09:22:37.718 TickProc Error #401 C0000005
09:22:37.812 TickProc Error #401 C0000005
09:22:37.921 TickProc Error #401 C0000005
09:22:37.000 TickProc Error #401 C0000005
09:22:37.609 TickProc Error #401 C0000005
09:22:38.718 TickProc Error #401 C0000005
09:22:38.812 TickProc Error #401 C0000005
09:22:38.921 TickProc Error #401 C0000005
09:22:38.015 TickProc Error #401 C0000005
09:22:38.125 TickProc Error #401 C0000005
09:22:38.203 TickProc Error #401 C0000005
09:22:38.265 TickProc Error #401 C0000005
09:22:38.328 TickProc Error #401 C0000005
09:22:38.515 TickProc Error #401 C0000005
09:22:39.203 TickProc Error #401 C0000005
09:22:39.328 TickProc Error #401 C0000005
09:22:39.406 TickProc Error #401 C0000005
09:22:39.515 TickProc Error #401 C0000005
09:22:40.625 TickProc Error #401 C0000005
09:22:40.703 TickProc Error #401 C0000005
09:22:40.828 TickProc Error #401 C0000005
09:22:40.906 TickProc Error #401 C0000005
09:22:40.937 TickProc Error #401 C0000005
09:22:40.000 TickProc Error #401 C0000005
09:22:40.031 TickProc Error #401 C0000005
09:22:40.109 TickProc Error #401 C0000005
09:22:40.140 TickProc Error #401 C0000005
09:22:40.203 TickProc Error #401 C0000005
09:22:41.734 TickProc Error #401 C0000005
09:22:41.828 TickProc Error #401 C0000005
09:22:41.906 TickProc Error #401 C0000005
09:22:41.000 TickProc Error #401 C0000005
09:22:41.109 TickProc Error #401 C0000005
09:22:41.203 TickProc Error #401 C0000005
09:22:41.312 TickProc Error #401 C0000005
09:22:41.406 TickProc Error #401 C0000005
09:22:41.515 TickProc Error #401 C0000005
09:22:41.546 TickProc Error #401 C0000005
09:22:41.609 TickProc Error #401 C0000005
09:22:42.656 TickProc Error #401 C0000005
09:22:42.703 TickProc Error #401 C0000005
09:22:42.328 TickProc Error #401 C0000005
09:22:43.703 TickProc Error #401 C0000005
09:22:43.828 TickProc Error #401 C0000005
09:22:43.859 TickProc Error #401 C0000005
09:22:43.906 TickProc Error #401 C0000005
09:22:43.000 TickProc Error #401 C0000005
09:22:43.109 TickProc Error #401 C0000005
09:22:43.218 TickProc Error #401 C0000005
09:22:43.328 TickProc Error #401 C0000005
09:22:43.406 TickProc Error #401 C0000005
09:22:43.500 TickProc Error #401 C0000005
09:22:44.609 TickProc Error #401 C0000005
09:22:44.640 TickProc Error #401 C0000005
09:22:44.703 TickProc Error #401 C0000005
09:22:44.734 TickProc Error #401 C0000005
09:22:44.812 TickProc Error #401 C0000005
09:22:44.843 TickProc Error #401 C0000005
09:22:44.906 TickProc Error #401 C0000005
09:22:44.937 TickProc Error #401 C0000005
09:22:44.015 TickProc Error #401 C0000005
09:22:44.046 TickProc Error #401 C0000005
09:22:44.109 TickProc Error #401 C0000005
09:22:44.140 TickProc Error #401 C0000005
09:22:44.218 TickProc Error #401 C0000005
09:22:44.250 TickProc Error #401 C0000005
09:22:44.312 TickProc Error #401 C0000005
09:22:44.421 TickProc Error #401 C0000005
09:22:44.515 TickProc Error #401 C0000005
09:22:45.625 TickProc Error #401 C0000005
09:22:45.703 TickProc Error #401 C0000005
09:22:45.812 TickProc Error #401 C0000005
09:22:45.921 TickProc Error #401 C0000005
09:22:45.015 TickProc Error #401 C0000005
09:22:45.125 TickProc Error #401 C0000005
09:22:45.218 TickProc Error #401 C0000005
09:22:47.906 TickProc Error #401 C0000005
09:22:47.000 TickProc Error #401 C0000005
09:22:47.125 TickProc Error #401 C0000005
09:22:47.203 TickProc Error #401 C0000005
09:22:47.328 TickProc Error #401 C0000005
09:22:47.406 TickProc Error #401 C0000005
09:22:47.437 TickProc Error #401 C0000005
09:22:47.500 TickProc Error #401 C0000005
09:22:47.609 TickProc Error #401 C0000005
09:22:48.640 TickProc Error #401 C0000005
09:22:48.703 TickProc Error #401 C0000005
09:22:51.203 TickProc Error #401 C0000005
09:22:51.312 TickProc Error #401 C0000005
09:22:51.406 TickProc Error #401 C0000005
09:22:51.515 TickProc Error #401 C0000005
09:22:51.609 TickProc Error #401 C0000005
09:22:52.703 TickProc Error #401 C0000005
09:22:52.765 TickProc Error #401 C0000005
09:22:52.812 TickProc Error #401 C0000005
09:22:52.906 TickProc Error #401 C0000005
09:22:52.015 TickProc Error #401 C0000005
09:22:52.109 TickProc Error #401 C0000005
09:22:52.218 TickProc Error #401 C0000005
09:22:52.312 TickProc Error #401 C0000005
09:22:52.421 TickProc Error #401 C0000005
09:22:52.515 TickProc Error #401 C0000005
09:22:53.625 TickProc Error #401 C0000005
09:22:53.718 TickProc Error #401 C0000005
09:22:53.828 TickProc Error #401 C0000005
09:22:53.921 TickProc Error #401 C0000005
09:22:53.000 TickProc Error #401 C0000005
09:22:53.109 TickProc Error #401 C0000005
09:22:53.218 TickProc Error #401 C0000005
09:22:53.328 TickProc Error #401 C0000005
09:22:53.421 TickProc Error #401 C0000005
09:22:53.500 TickProc Error #401 C0000005
09:22:53.531 TickProc Error #401 C0000005
09:22:54.625 TickProc Error #401 C0000005
09:22:54.703 TickProc Error #401 C0000005
09:22:54.734 TickProc Error #401 C0000005
09:22:54.828 TickProc Error #401 C0000005
09:22:54.906 TickProc Error #401 C0000005
09:22:54.937 TickProc Error #401 C0000005
09:22:54.000 TickProc Error #401 C0000005
09:22:54.109 TickProc Error #401 C0000005
09:22:54.546 TickProc Error #401 C0000005
09:22:55.609 TickProc Error #401 C0000005
09:22:55.703 TickProc Error #401 C0000005
09:22:55.812 TickProc Error #401 C0000005
09:22:55.906 TickProc Error #401 C0000005
09:22:55.015 TickProc Error #401 C0000005
09:22:55.140 TickProc Error #401 C0000005
09:22:55.218 TickProc Error #401 C0000005
09:22:55.250 TickProc Error #401 C0000005
09:22:55.312 TickProc Error #401 C0000005
09:22:56.953 TickProc Error #401 C0000005
09:22:56.015 TickProc Error #401 C0000005
09:22:56.046 TickProc Error #401 C0000005
09:22:56.109 TickProc Error #401 C0000005
09:22:56.218 TickProc Error #401 C0000005
09:22:56.328 TickProc Error #401 C0000005
09:22:56.421 TickProc Error #401 C0000005
09:22:56.500 TickProc Error #401 C0000005
09:22:57.625 TickProc Error #401 C0000005
09:22:57.734 TickProc Error #401 C0000005
09:22:57.812 TickProc Error #401 C0000005
09:22:57.843 TickProc Error #401 C0000005
09:22:57.906 TickProc Error #401 C0000005
09:22:57.984 TickProc Error #401 C0000005
09:22:57.015 TickProc Error #401 C0000005
09:22:57.109 TickProc Error #401 C0000005
09:22:57.218 TickProc Error #401 C0000005
09:22:57.328 TickProc Error #401 C0000005
09:22:57.406 TickProc Error #401 C0000005
09:22:57.500 TickProc Error #401 C0000005
09:22:58.609 TickProc Error #401 C0000005
09:22:58.703 TickProc Error #401 C0000005
09:22:58.734 TickProc Error #401 C0000005
09:22:58.812 TickProc Error #401 C0000005
09:22:58.843 TickProc Error #401 C0000005
09:22:58.906 TickProc Error #401 C0000005
09:22:58.953 TickProc Error #401 C0000005
09:22:58.015 TickProc Error #401 C0000005
09:22:58.046 TickProc Error #401 C0000005
09:22:58.125 TickProc Error #401 C0000005
09:22:58.156 TickProc Error #401 C0000005
09:22:58.218 TickProc Error #401 C0000005
09:22:59.953 TickProc Error #401 C0000005
09:22:59.000 TickProc Error #401 C0000005
09:22:59.062 TickProc Error #401 C0000005
09:22:59.125 TickProc Error #401 C0000005
09:22:59.156 TickProc Error #401 C0000005
09:22:59.203 TickProc Error #401 C0000005
09:22:59.265 TickProc Error #401 C0000005
09:22:59.328 TickProc Error #401 C0000005
09:22:59.406 TickProc Error #401 C0000005
09:22:59.500 TickProc Error #401 C0000005
09:23:00.609 TickProc Error #401 C0000005
09:23:00.718 TickProc Error #401 C0000005
09:23:00.812 TickProc Error #401 C0000005
09:23:00.921 TickProc Error #401 C0000005
09:23:00.015 TickProc Error #401 C0000005
09:23:00.046 TickProc Error #401 C0000005
09:23:00.125 TickProc Error #401 C0000005
09:23:00.156 TickProc Error #401 C0000005
09:23:00.203 TickProc Error #401 C0000005
09:23:00.234 TickProc Error #401 C0000005
09:23:00.312 TickProc Error #401 C0000005
09:23:00.343 TickProc Error #401 C0000005
09:23:00.406 TickProc Error #401 C0000005
09:23:00.437 TickProc Error #401 C0000005
09:23:00.515 TickProc Error #401 C0000005
09:23:00.546 TickProc Error #401 C0000005
09:23:01.640 TickProc Error #401 C0000005
09:23:01.718 TickProc Error #401 C0000005
09:23:01.750 TickProc Error #401 C0000005
09:23:01.812 TickProc Error #401 C0000005
09:23:01.859 TickProc Error #401 C0000005
09:23:01.921 TickProc Error #401 C0000005
09:23:01.109 TickProc Error #401 C0000005
09:23:01.203 TickProc Error #401 C0000005
09:23:01.281 TickProc Error #401 C0000005
09:23:01.312 TickProc Error #401 C0000005
09:23:01.406 TickProc Error #401 C0000005
09:23:01.515 TickProc Error #401 C0000005
09:23:02.625 TickProc Error #401 C0000005
09:23:02.718 TickProc Error #401 C0000005
09:23:02.828 TickProc Error #401 C0000005
09:23:02.921 TickProc Error #401 C0000005
09:23:02.000 TickProc Error #401 C0000005
09:23:02.031 TickProc Error #401 C0000005
09:23:02.203 TickProc Error #401 C0000005
09:23:03.000 TickProc Error #401 C0000005
09:23:03.109 TickProc Error #401 C0000005
09:23:03.203 TickProc Error #401 C0000005
09:23:03.312 TickProc Error #401 C0000005
09:23:03.406 TickProc Error #401 C0000005
09:23:03.515 TickProc Error #401 C0000005
09:23:03.546 TickProc Error #401 C0000005
09:23:03.609 TickProc Error #401 C0000005
09:23:04.656 TickProc Error #401 C0000005
09:23:04.718 TickProc Error #401 C0000005
09:23:04.734 TickProc Error #401 C0000005
09:23:04.828 TickProc Error #401 C0000005
09:23:04.109 TickProc Error #401 C0000005
09:23:05.156 TickProc Error #401 C0000005
09:23:05.218 TickProc Error #401 C0000005
09:23:05.312 TickProc Error #401 C0000005
09:23:05.421 TickProc Error #401 C0000005
09:23:05.515 TickProc Error #401 C0000005
09:23:06.625 TickProc Error #401 C0000005
09:23:06.718 TickProc Error #401 C0000005
09:23:06.734 TickProc Error #401 C0000005
09:23:06.812 TickProc Error #401 C0000005
17:05:16.390 Elfbot NG 4.5.9 - Entry Started on Mittwoch Juni 11, 2025
17:27:42.531 Elfbot NG 4.5.9 - Entry Started on Mittwoch Juni 11, 2025
17:27:42.546 HprProc Error #180 C0000005 18150057656C636F6D6520746F204E6F78696F75734F5421B4183000596F7572
17:27:42.546 HprProc Error #180 C0000005 183000596F7572206C61737420766973697420776173206F6E20576564204A75
17:27:42.546 HprProc Error #170 C0000005 00000000000000000F0000320047657420536877696674795B3138335D20284C
17:27:43.718 HprProc Error #170 C0000005 00000000000000000D00006C00596F7572206775696C6420646F6573206E6F74
19:47:09.203 TickProc Error #401 C0000005
19:47:09.265 TickProc Error #401 C0000005
19:47:09.359 TickProc Error #401 C0000005
19:47:09.468 TickProc Error #401 C0000005
19:47:09.578 TickProc Error #401 C0000005
19:47:10.671 TickProc Error #401 C0000005
19:47:10.765 TickProc Error #401 C0000005
19:47:10.812 TickProc Error #401 C0000005
19:47:10.875 TickProc Error #401 C0000005
19:47:10.906 TickProc Error #401 C0000005
19:47:10.968 TickProc Error #401 C0000005
19:47:10.015 TickProc Error #401 C0000005
19:47:10.078 TickProc Error #401 C0000005
19:47:10.109 TickProc Error #401 C0000005
19:47:10.171 TickProc Error #401 C0000005
19:47:10.203 TickProc Error #401 C0000005
19:47:10.281 TickProc Error #401 C0000005
19:47:10.312 TickProc Error #401 C0000005
19:47:10.375 TickProc Error #401 C0000005
19:47:10.421 TickProc Error #401 C0000005
19:47:10.484 TickProc Error #401 C0000005
19:47:10.578 TickProc Error #401 C0000005
19:47:11.656 TickProc Error #401 C0000005
19:47:11.750 TickProc Error #401 C0000005
19:47:11.781 TickProc Error #401 C0000005
19:47:11.859 TickProc Error #401 C0000005
19:47:11.984 TickProc Error #401 C0000005
19:47:11.078 TickProc Error #401 C0000005
19:47:11.156 TickProc Error #401 C0000005
19:47:11.281 TickProc Error #401 C0000005
19:47:11.312 TickProc Error #401 C0000005
19:47:11.359 TickProc Error #401 C0000005
19:47:11.468 TickProc Error #401 C0000005
19:47:11.578 TickProc Error #401 C0000005
19:47:12.671 TickProc Error #401 C0000005
19:47:12.765 TickProc Error #401 C0000005
19:47:12.875 TickProc Error #401 C0000005
19:47:12.968 TickProc Error #401 C0000005
19:47:12.031 TickProc Error #401 C0000005
19:47:12.078 TickProc Error #401 C0000005
19:47:12.140 TickProc Error #401 C0000005
19:47:12.171 TickProc Error #401 C0000005
19:47:12.234 TickProc Error #401 C0000005
19:47:12.265 TickProc Error #401 C0000005
19:47:12.312 TickProc Error #401 C0000005
19:47:12.375 TickProc Error #401 C0000005
19:47:12.437 TickProc Error #401 C0000005
19:47:12.468 TickProc Error #401 C0000005
19:47:12.515 TickProc Error #401 C0000005
19:47:12.578 TickProc Error #401 C0000005
19:47:12.609 TickProc Error #401 C0000005
19:47:13.671 TickProc Error #401 C0000005
19:47:13.781 TickProc Error #401 C0000005
19:47:13.859 TickProc Error #401 C0000005
19:47:13.921 TickProc Error #401 C0000005
19:47:13.968 TickProc Error #401 C0000005
19:47:13.000 TickProc Error #401 C0000005
19:47:13.062 TickProc Error #401 C0000005
19:47:13.125 TickProc Error #401 C0000005
19:47:13.156 TickProc Error #401 C0000005
19:47:13.203 TickProc Error #401 C0000005
19:47:13.265 TickProc Error #401 C0000005
23:43:55.656 Elfbot NG 4.5.9 - Entry Started on Mittwoch Juni 11, 2025
23:43:55.656 TickProc Error #401 C0000005
23:43:55.734 TickProc Error #401 C0000005
23:43:55.828 TickProc Error #401 C0000005
23:43:55.937 TickProc Error #401 C0000005
23:43:55.031 TickProc Error #401 C0000005
23:43:55.140 TickProc Error #401 C0000005
23:43:55.250 TickProc Error #401 C0000005
23:43:55.343 TickProc Error #401 C0000005
23:43:55.390 TickProc Error #401 C0000005
23:43:55.453 TickProc Error #401 C0000005
23:43:55.484 TickProc Error #401 C0000005
23:43:55.531 TickProc Error #401 C0000005
23:43:55.593 TickProc Error #401 C0000005
23:43:56.656 TickProc Error #401 C0000005
23:43:56.765 TickProc Error #401 C0000005
23:43:56.343 TickProc Error #401 C0000005
23:43:56.437 TickProc Error #401 C0000005
23:43:56.546 TickProc Error #401 C0000005
23:43:57.656 TickProc Error #401 C0000005
23:43:57.734 TickProc Error #401 C0000005
23:43:57.828 TickProc Error #401 C0000005
23:43:57.937 TickProc Error #401 C0000005
23:43:57.000 TickProc Error #401 C0000005
23:43:57.046 TickProc Error #401 C0000005
23:43:57.140 TickProc Error #401 C0000005
23:43:57.187 TickProc Error #401 C0000005
23:43:57.250 TickProc Error #401 C0000005
23:43:57.328 TickProc Error #401 C0000005
23:43:57.453 TickProc Error #401 C0000005
23:43:57.484 TickProc Error #401 C0000005
23:43:57.500 TickProc Error #401 C0000005
23:43:57.531 TickProc Error #401 C0000005
23:43:58.671 TickProc Error #401 C0000005
23:43:58.750 TickProc Error #401 C0000005
23:43:58.828 TickProc Error #401 C0000005
23:43:58.937 TickProc Error #401 C0000005
23:43:58.031 TickProc Error #401 C0000005
23:43:58.140 TickProc Error #401 C0000005
23:43:58.171 TickProc Error #401 C0000005
23:43:58.250 TickProc Error #401 C0000005
23:43:58.343 TickProc Error #401 C0000005
23:43:58.453 TickProc Error #401 C0000005
23:43:58.531 TickProc Error #401 C0000005
23:43:59.625 TickProc Error #401 C0000005
23:43:59.656 TickProc Error #401 C0000005
23:43:59.734 TickProc Error #401 C0000005
23:43:59.843 TickProc Error #401 C0000005
23:43:59.921 TickProc Error #401 C0000005
23:43:59.953 TickProc Error #401 C0000005
23:43:59.031 TickProc Error #401 C0000005
23:43:59.125 TickProc Error #401 C0000005
23:43:59.140 TickProc Error #401 C0000005
23:44:00.656 TickProc Error #401 C0000005
23:44:00.734 TickProc Error #401 C0000005
23:44:00.828 TickProc Error #401 C0000005
23:44:00.937 TickProc Error #401 C0000005
23:44:00.046 TickProc Error #401 C0000005
23:44:00.140 TickProc Error #401 C0000005
23:44:00.187 TickProc Error #401 C0000005
23:44:00.250 TickProc Error #401 C0000005
23:44:00.328 TickProc Error #401 C0000005
23:44:00.437 TickProc Error #401 C0000005
23:44:00.531 TickProc Error #401 C0000005
23:44:00.578 TickProc Error #401 C0000005
23:44:01.640 TickProc Error #401 C0000005
23:44:01.734 TickProc Error #401 C0000005
23:44:01.828 TickProc Error #401 C0000005
23:44:01.921 TickProc Error #401 C0000005
23:44:01.953 TickProc Error #401 C0000005
23:44:01.000 TickProc Error #401 C0000005
23:44:01.031 TickProc Error #401 C0000005
23:44:01.093 TickProc Error #401 C0000005
23:44:01.156 TickProc Error #401 C0000005
23:44:01.203 TickProc Error #401 C0000005
23:44:01.234 TickProc Error #401 C0000005
23:44:01.296 TickProc Error #401 C0000005
23:44:01.343 TickProc Error #401 C0000005
23:44:01.406 TickProc Error #401 C0000005
23:44:01.437 TickProc Error #401 C0000005
23:44:01.515 TickProc Error #401 C0000005
23:44:01.546 TickProc Error #401 C0000005
23:44:02.640 TickProc Error #401 C0000005
23:44:02.718 TickProc Error #401 C0000005
23:44:02.734 TickProc Error #401 C0000005
23:44:02.828 TickProc Error #401 C0000005
23:44:02.906 TickProc Error #401 C0000005
23:44:02.937 TickProc Error #401 C0000005
23:44:02.046 TickProc Error #401 C0000005
23:44:02.156 TickProc Error #401 C0000005
23:44:02.250 TickProc Error #401 C0000005
23:44:02.281 TickProc Error #401 C0000005
23:44:02.328 TickProc Error #401 C0000005
23:44:02.437 TickProc Error #401 C0000005
23:44:02.531 TickProc Error #401 C0000005
23:44:03.640 TickProc Error #401 C0000005
23:44:03.750 TickProc Error #401 C0000005
23:44:03.828 TickProc Error #401 C0000005
23:44:04.984 TickProc Error #401 C0000005
23:44:04.046 TickProc Error #401 C0000005
23:44:04.156 TickProc Error #401 C0000005
23:44:04.250 TickProc Error #401 C0000005
23:44:04.343 TickProc Error #401 C0000005
23:44:04.453 TickProc Error #401 C0000005
23:44:04.531 TickProc Error #401 C0000005
23:44:04.593 TickProc Error #401 C0000005
23:44:05.640 TickProc Error #401 C0000005
23:44:05.671 TickProc Error #401 C0000005
23:44:05.734 TickProc Error #401 C0000005
23:44:05.781 TickProc Error #401 C0000005
23:44:05.843 TickProc Error #401 C0000005
23:44:05.953 TickProc Error #401 C0000005
23:44:05.046 TickProc Error #401 C0000005
23:44:05.156 TickProc Error #401 C0000005
23:44:05.250 TickProc Error #401 C0000005
23:44:05.328 TickProc Error #401 C0000005
23:44:06.328 TickProc Error #401 C0000005
23:44:07.640 TickProc Error #401 C0000005
23:44:07.750 TickProc Error #401 C0000005
23:44:07.781 TickProc Error #401 C0000005
23:44:07.843 TickProc Error #401 C0000005
23:44:07.953 TickProc Error #401 C0000005
23:44:07.031 TickProc Error #401 C0000005
23:44:07.156 TickProc Error #401 C0000005
23:44:07.234 TickProc Error #401 C0000005
23:44:07.343 TickProc Error #401 C0000005
23:44:07.437 TickProc Error #401 C0000005
23:44:07.531 TickProc Error #401 C0000005
23:44:08.640 TickProc Error #401 C0000005
23:44:08.671 TickProc Error #401 C0000005
23:44:08.734 TickProc Error #401 C0000005
23:44:08.765 TickProc Error #401 C0000005
23:44:08.843 TickProc Error #401 C0000005
23:44:08.875 TickProc Error #401 C0000005
23:44:08.937 TickProc Error #401 C0000005
23:44:08.984 TickProc Error #401 C0000005
23:44:08.046 TickProc Error #401 C0000005
23:44:08.156 TickProc Error #401 C0000005
23:44:08.234 TickProc Error #401 C0000005
23:44:08.328 TickProc Error #401 C0000005
23:44:08.453 TickProc Error #401 C0000005
23:44:08.531 TickProc Error #401 C0000005
23:44:09.531 TickProc Error #401 C0000005
23:44:10.656 TickProc Error #401 C0000005
23:44:10.750 TickProc Error #401 C0000005
23:44:10.828 TickProc Error #401 C0000005
23:44:10.937 TickProc Error #401 C0000005
23:44:10.031 TickProc Error #401 C0000005
23:44:10.078 TickProc Error #401 C0000005
23:44:10.140 TickProc Error #401 C0000005
23:44:10.203 TickProc Error #401 C0000005
23:44:10.250 TickProc Error #401 C0000005
23:44:11.031 TickProc Error #401 C0000005
23:44:11.140 TickProc Error #401 C0000005
23:44:11.234 TickProc Error #401 C0000005
23:44:11.343 TickProc Error #401 C0000005
23:44:11.453 TickProc Error #401 C0000005
23:44:11.531 TickProc Error #401 C0000005
23:44:12.640 TickProc Error #401 C0000005
23:44:12.734 TickProc Error #401 C0000005
23:44:12.843 TickProc Error #401 C0000005
23:44:12.875 TickProc Error #401 C0000005
23:44:12.906 TickProc Error #401 C0000005
23:44:12.953 TickProc Error #401 C0000005
23:44:12.046 TickProc Error #401 C0000005
23:44:12.156 TickProc Error #401 C0000005
23:44:12.234 TickProc Error #401 C0000005
23:44:12.328 TickProc Error #401 C0000005
23:44:12.375 TickProc Error #401 C0000005
23:44:12.437 TickProc Error #401 C0000005
23:44:12.468 TickProc Error #401 C0000005
23:44:12.546 TickProc Error #401 C0000005
23:44:12.578 TickProc Error #401 C0000005
23:44:13.656 TickProc Error #401 C0000005
23:44:13.718 TickProc Error #401 C0000005
23:44:13.750 TickProc Error #401 C0000005
23:44:13.765 TickProc Error #401 C0000005
23:44:13.828 TickProc Error #401 C0000005
23:44:14.640 TickProc Error #401 C0000005
23:44:14.734 TickProc Error #401 C0000005
23:44:14.843 TickProc Error #401 C0000005
23:44:14.953 TickProc Error #401 C0000005
23:44:14.031 TickProc Error #401 C0000005
23:44:14.140 TickProc Error #401 C0000005
23:44:14.187 TickProc Error #401 C0000005
23:44:14.250 TickProc Error #401 C0000005
23:44:16.156 TickProc Error #401 C0000005
23:44:16.234 TickProc Error #401 C0000005
23:44:16.328 TickProc Error #401 C0000005
23:44:16.437 TickProc Error #401 C0000005
23:44:16.546 TickProc Error #401 C0000005
23:44:17.640 TickProc Error #401 C0000005
23:44:17.750 TickProc Error #401 C0000005
23:44:17.828 TickProc Error #401 C0000005
23:44:17.921 TickProc Error #401 C0000005
23:44:17.953 TickProc Error #401 C0000005
23:44:17.031 TickProc Error #401 C0000005
23:44:18.953 TickProc Error #401 C0000005
23:44:18.031 TickProc Error #401 C0000005
23:44:18.125 TickProc Error #401 C0000005
23:44:18.156 TickProc Error #401 C0000005
23:44:18.234 TickProc Error #401 C0000005
23:44:18.328 TickProc Error #401 C0000005
23:44:18.453 TickProc Error #401 C0000005
23:44:18.531 TickProc Error #401 C0000005
23:44:19.640 TickProc Error #401 C0000005
23:44:19.734 TickProc Error #401 C0000005
23:44:19.843 TickProc Error #401 C0000005
23:44:19.875 TickProc Error #401 C0000005
23:44:19.937 TickProc Error #401 C0000005
23:44:19.046 TickProc Error #401 C0000005
23:44:19.578 TickProc Error #401 C0000005
23:44:20.640 TickProc Error #401 C0000005
23:44:20.750 TickProc Error #401 C0000005
23:44:20.828 TickProc Error #401 C0000005
23:44:20.937 TickProc Error #401 C0000005
23:44:20.031 TickProc Error #401 C0000005
23:44:20.140 TickProc Error #401 C0000005
23:44:20.171 TickProc Error #401 C0000005
23:44:20.250 TickProc Error #401 C0000005
23:44:21.343 TickProc Error #401 C0000005
23:44:21.453 TickProc Error #401 C0000005
23:44:21.531 TickProc Error #401 C0000005
23:44:22.656 TickProc Error #401 C0000005
23:44:22.734 TickProc Error #401 C0000005
23:44:22.843 TickProc Error #401 C0000005
23:44:22.937 TickProc Error #401 C0000005
23:44:22.046 TickProc Error #401 C0000005
23:44:22.140 TickProc Error #401 C0000005
23:44:26.296 TickProc Error #401 C0000005
23:44:26.343 TickProc Error #401 C0000005
23:44:26.437 TickProc Error #401 C0000005
23:44:26.546 TickProc Error #401 C0000005
23:44:27.656 TickProc Error #401 C0000005
23:44:27.734 TickProc Error #401 C0000005
23:44:27.828 TickProc Error #401 C0000005
23:44:28.453 TickProc Error #401 C0000005
23:44:28.546 TickProc Error #401 C0000005
23:44:29.656 TickProc Error #401 C0000005
23:44:29.734 TickProc Error #401 C0000005
23:44:29.828 TickProc Error #401 C0000005
23:44:29.937 TickProc Error #401 C0000005
23:44:29.031 TickProc Error #401 C0000005
23:44:29.140 TickProc Error #401 C0000005
23:44:29.234 TickProc Error #401 C0000005
23:44:29.343 TickProc Error #401 C0000005
23:44:29.437 TickProc Error #401 C0000005
23:44:29.546 TickProc Error #401 C0000005
23:44:30.656 TickProc Error #401 C0000005
23:44:30.718 TickProc Error #401 C0000005
23:44:30.750 TickProc Error #401 C0000005
23:44:30.828 TickProc Error #401 C0000005
23:44:30.937 TickProc Error #401 C0000005
23:44:30.000 TickProc Error #401 C0000005
23:44:30.031 TickProc Error #401 C0000005
23:44:30.140 TickProc Error #401 C0000005
23:44:30.171 TickProc Error #401 C0000005
23:44:30.250 TickProc Error #401 C0000005
23:44:30.312 TickProc Error #401 C0000005
23:44:30.328 TickProc Error #401 C0000005
23:44:30.453 TickProc Error #401 C0000005
23:44:30.546 TickProc Error #401 C0000005
23:44:31.625 TickProc Error #401 C0000005
23:44:31.656 TickProc Error #401 C0000005
23:44:31.750 TickProc Error #401 C0000005
23:44:31.828 TickProc Error #401 C0000005
23:44:31.890 TickProc Error #401 C0000005
23:44:31.937 TickProc Error #401 C0000005
23:44:31.031 TickProc Error #401 C0000005
23:44:31.140 TickProc Error #401 C0000005
23:44:31.250 TickProc Error #401 C0000005
23:44:31.343 TickProc Error #401 C0000005
23:44:31.453 TickProc Error #401 C0000005
23:44:31.515 TickProc Error #401 C0000005
23:44:31.531 TickProc Error #401 C0000005
23:44:32.625 TickProc Error #401 C0000005
23:44:32.656 TickProc Error #401 C0000005
23:44:32.750 TickProc Error #401 C0000005
23:44:32.843 TickProc Error #401 C0000005
23:44:32.953 TickProc Error #401 C0000005
23:44:32.984 TickProc Error #401 C0000005
23:44:32.031 TickProc Error #401 C0000005
23:44:32.093 TickProc Error #401 C0000005
23:44:32.156 TickProc Error #401 C0000005
23:44:32.187 TickProc Error #401 C0000005
23:44:32.234 TickProc Error #401 C0000005
23:44:32.328 TickProc Error #401 C0000005
23:44:32.453 TickProc Error #401 C0000005
23:44:32.531 TickProc Error #401 C0000005
23:44:33.625 TickProc Error #401 C0000005
23:44:33.656 TickProc Error #401 C0000005
23:44:33.734 TickProc Error #401 C0000005
23:44:33.828 TickProc Error #401 C0000005
23:44:33.937 TickProc Error #401 C0000005
23:44:34.046 TickProc Error #401 C0000005
23:44:34.156 TickProc Error #401 C0000005
23:44:34.250 TickProc Error #401 C0000005
23:44:34.328 TickProc Error #401 C0000005
23:44:34.437 TickProc Error #401 C0000005
23:44:34.531 TickProc Error #401 C0000005
23:44:35.640 TickProc Error #401 C0000005
23:44:35.703 TickProc Error #401 C0000005
23:44:35.750 TickProc Error #401 C0000005
23:44:35.843 TickProc Error #401 C0000005
23:44:35.921 TickProc Error #401 C0000005
23:44:36.734 TickProc Error #401 C0000005
23:44:36.843 TickProc Error #401 C0000005
23:44:36.937 TickProc Error #401 C0000005
23:44:36.015 TickProc Error #401 C0000005
23:44:36.046 TickProc Error #401 C0000005
23:44:36.062 TickProc Error #401 C0000005
23:44:36.156 TickProc Error #401 C0000005
23:44:36.171 TickProc Error #401 C0000005
23:44:36.234 TickProc Error #401 C0000005
23:44:36.265 TickProc Error #401 C0000005
23:44:36.343 TickProc Error #401 C0000005
23:44:36.375 TickProc Error #401 C0000005
23:44:36.437 TickProc Error #401 C0000005
23:44:36.484 TickProc Error #401 C0000005
23:44:36.546 TickProc Error #401 C0000005
23:44:36.578 TickProc Error #401 C0000005
23:44:37.656 TickProc Error #401 C0000005
23:44:37.687 TickProc Error #401 C0000005
23:44:37.734 TickProc Error #401 C0000005
23:44:37.828 TickProc Error #401 C0000005
23:44:37.937 TickProc Error #401 C0000005
23:44:37.031 TickProc Error #401 C0000005
23:44:37.140 TickProc Error #401 C0000005
23:44:37.234 TickProc Error #401 C0000005
23:44:37.328 TickProc Error #401 C0000005
23:44:37.437 TickProc Error #401 C0000005
23:44:37.546 TickProc Error #401 C0000005
23:44:38.656 TickProc Error #401 C0000005
23:44:38.750 TickProc Error #401 C0000005
23:44:38.796 TickProc Error #401 C0000005
23:44:38.828 TickProc Error #401 C0000005
23:44:38.937 TickProc Error #401 C0000005
23:44:38.031 TickProc Error #401 C0000005
23:44:38.140 TickProc Error #401 C0000005
23:44:38.171 TickProc Error #401 C0000005
23:44:38.234 TickProc Error #401 C0000005
23:44:38.281 TickProc Error #401 C0000005
16:22:03.718 Elfbot NG 4.5.9 - Entry Started on Montag März 02, 2026
16:22:03.718 TickProc Error #401 C0000005
16:22:03.765 TickProc Error #401 C0000005
16:22:03.812 TickProc Error #401 C0000005
16:22:03.921 TickProc Error #401 C0000005
16:22:03.015 TickProc Error #401 C0000005
16:22:07.125 TickProc Error #401 C0000005
16:22:07.234 TickProc Error #401 C0000005
16:22:08.312 TickProc Error #401 C0000005
16:22:08.421 TickProc Error #401 C0000005
16:22:08.515 TickProc Error #401 C0000005
16:22:08.625 TickProc Error #401 C0000005
16:22:08.640 TickProc Error #401 C0000005
16:22:08.718 TickProc Error #401 C0000005
16:22:08.812 TickProc Error #401 C0000005
16:22:08.859 TickProc Error #401 C0000005
16:22:08.921 TickProc Error #401 C0000005
16:22:08.015 TickProc Error #401 C0000005
16:22:08.046 TickProc Error #401 C0000005
16:22:08.125 TickProc Error #401 C0000005
16:22:08.218 TickProc Error #401 C0000005
16:22:09.421 TickProc Error #401 C0000005
16:22:09.437 TickProc Error #401 C0000005
16:22:09.515 TickProc Error #401 C0000005
16:22:09.625 TickProc Error #401 C0000005
16:22:09.656 TickProc Error #401 C0000005
16:22:09.718 TickProc Error #401 C0000005
16:22:09.812 TickProc Error #401 C0000005
16:22:14.421 TickProc Error #401 C0000005
16:22:14.515 TickProc Error #401 C0000005
16:22:14.625 TickProc Error #401 C0000005
16:22:14.718 TickProc Error #401 C0000005
16:22:18.015 TickProc Error #401 C0000005
16:22:18.125 TickProc Error #401 C0000005
16:22:18.218 TickProc Error #401 C0000005
16:22:19.312 TickProc Error #401 C0000005
16:22:19.421 TickProc Error #401 C0000005
16:22:19.531 TickProc Error #401 C0000005
16:22:19.625 TickProc Error #401 C0000005
16:22:19.656 TickProc Error #401 C0000005
16:22:19.718 TickProc Error #401 C0000005
16:22:19.750 TickProc Error #401 C0000005
16:22:19.812 TickProc Error #401 C0000005
16:22:19.828 TickProc Error #401 C0000005
16:22:19.921 TickProc Error #401 C0000005
16:22:19.015 TickProc Error #401 C0000005
16:22:19.125 TickProc Error #401 C0000005
16:22:24.812 TickProc Error #401 C0000005
16:22:24.843 TickProc Error #401 C0000005
16:22:24.921 TickProc Error #401 C0000005
16:22:24.015 TickProc Error #401 C0000005
16:22:24.125 TickProc Error #401 C0000005
16:22:25.609 TickProc Error #401 C0000005
16:22:25.625 TickProc Error #401 C0000005
16:22:25.703 TickProc Error #401 C0000005
16:22:25.718 TickProc Error #401 C0000005
16:22:25.812 TickProc Error #401 C0000005
16:22:25.921 TickProc Error #401 C0000005
16:22:25.015 TickProc Error #401 C0000005
16:22:25.031 TickProc Error #401 C0000005
16:22:25.125 TickProc Error #401 C0000005
16:22:25.218 TickProc Error #401 C0000005
16:22:26.312 TickProc Error #401 C0000005
16:22:26.421 TickProc Error #401 C0000005
16:22:26.515 TickProc Error #401 C0000005
16:22:26.625 TickProc Error #401 C0000005
16:22:26.718 TickProc Error #401 C0000005
16:22:26.812 TickProc Error #401 C0000005
19:35:35.437 Elfbot NG 4.5.9 - Entry Started on Montag März 02, 2026
19:35:35.437 TickProc Error #401 C0000005
19:35:35.484 TickProc Error #401 C0000005
19:35:35.515 TickProc Error #401 C0000005
19:35:35.578 TickProc Error #401 C0000005
19:35:35.687 TickProc Error #401 C0000005
19:35:36.781 TickProc Error #401 C0000005
19:35:36.859 TickProc Error #401 C0000005
19:35:36.890 TickProc Error #401 C0000005
19:35:36.953 TickProc Error #401 C0000005
19:35:36.000 TickProc Error #401 C0000005
19:35:37.687 TickProc Error #401 C0000005
19:35:38.796 TickProc Error #401 C0000005
19:35:38.890 TickProc Error #401 C0000005
19:35:38.000 TickProc Error #401 C0000005
19:35:38.093 TickProc Error #401 C0000005
19:35:38.171 TickProc Error #401 C0000005
19:35:38.203 TickProc Error #401 C0000005
19:35:38.281 TickProc Error #401 C0000005
19:35:38.375 TickProc Error #401 C0000005
19:35:38.484 TickProc Error #401 C0000005
19:35:38.593 TickProc Error #401 C0000005
19:35:38.625 TickProc Error #401 C0000005
19:35:38.687 TickProc Error #401 C0000005
19:35:39.718 TickProc Error #401 C0000005
19:35:39.796 TickProc Error #401 C0000005
19:35:40.000 TickProc Error #401 C0000005
19:35:40.078 TickProc Error #401 C0000005
19:35:40.171 TickProc Error #401 C0000005
19:35:40.281 TickProc Error #401 C0000005
19:35:40.390 TickProc Error #401 C0000005
19:35:40.484 TickProc Error #401 C0000005
19:35:40.593 TickProc Error #401 C0000005
19:35:40.687 TickProc Error #401 C0000005
19:35:41.796 TickProc Error #401 C0000005
19:35:41.875 TickProc Error #401 C0000005
19:35:41.000 TickProc Error #401 C0000005
19:35:41.078 TickProc Error #401 C0000005
19:35:41.187 TickProc Error #401 C0000005
19:35:41.218 TickProc Error #401 C0000005
19:35:41.281 TickProc Error #401 C0000005
19:35:41.390 TickProc Error #401 C0000005
19:35:41.421 TickProc Error #401 C0000005
19:35:42.875 TickProc Error #401 C0000005
19:35:42.984 TickProc Error #401 C0000005
19:35:42.078 TickProc Error #401 C0000005
19:35:42.140 TickProc Error #401 C0000005
19:35:42.187 TickProc Error #401 C0000005
19:35:42.250 TickProc Error #401 C0000005
19:35:42.281 TickProc Error #401 C0000005
19:35:42.328 TickProc Error #401 C0000005
19:35:42.390 TickProc Error #401 C0000005
19:35:42.421 TickProc Error #401 C0000005
19:35:42.500 TickProc Error #401 C0000005
19:35:42.593 TickProc Error #401 C0000005
19:35:42.671 TickProc Error #401 C0000005
19:35:43.781 TickProc Error #401 C0000005
19:35:43.875 TickProc Error #401 C0000005
19:35:44.781 TickProc Error #401 C0000005
19:35:44.875 TickProc Error #401 C0000005
19:35:44.984 TickProc Error #401 C0000005
19:35:44.078 TickProc Error #401 C0000005
19:35:44.187 TickProc Error #401 C0000005
19:35:46.890 TickProc Error #401 C0000005
19:35:46.984 TickProc Error #401 C0000005
19:35:46.093 TickProc Error #401 C0000005
19:35:46.187 TickProc Error #401 C0000005
19:35:46.296 TickProc Error #401 C0000005
19:35:46.375 TickProc Error #401 C0000005
19:35:46.500 TickProc Error #401 C0000005
19:35:48.875 TickProc Error #401 C0000005
19:35:48.984 TickProc Error #401 C0000005
19:35:48.078 TickProc Error #401 C0000005
19:35:48.187 TickProc Error #401 C0000005
19:35:48.281 TickProc Error #401 C0000005
19:35:48.375 TickProc Error #401 C0000005
19:35:48.484 TickProc Error #401 C0000005
19:35:48.562 TickProc Error #401 C0000005
19:35:48.578 TickProc Error #401 C0000005
19:35:49.437 TickProc Error #401 C0000005
19:35:49.484 TickProc Error #401 C0000005
19:35:49.578 TickProc Error #401 C0000005
19:35:49.687 TickProc Error #401 C0000005
19:35:50.781 TickProc Error #401 C0000005
19:35:50.875 TickProc Error #401 C0000005
19:35:50.984 TickProc Error #401 C0000005
19:35:50.000 TickProc Error #401 C0000005
19:35:50.078 TickProc Error #401 C0000005
19:35:50.187 TickProc Error #401 C0000005
19:35:50.687 TickProc Error #401 C0000005
19:35:51.781 TickProc Error #401 C0000005
19:35:51.796 TickProc Error #401 C0000005
19:35:51.875 TickProc Error #401 C0000005
19:35:51.984 TickProc Error #401 C0000005
19:35:51.078 TickProc Error #401 C0000005
19:35:51.187 TickProc Error #401 C0000005
19:35:51.281 TickProc Error #401 C0000005
19:35:51.390 TickProc Error #401 C0000005
19:35:51.484 TickProc Error #401 C0000005
19:35:51.562 TickProc Error #401 C0000005
19:35:51.578 TickProc Error #401 C0000005
19:35:51.656 TickProc Error #401 C0000005
19:35:51.687 TickProc Error #401 C0000005
19:35:52.734 TickProc Error #401 C0000005
19:35:52.781 TickProc Error #401 C0000005
00:45:08.734 TickProc Error #401 C0000005
00:45:08.843 TickProc Error #401 C0000005
00:58:22.046 TickProc Error #401 C0000005
00:58:22.156 TickProc Error #401 C0000005
00:58:22.234 TickProc Error #401 C0000005
00:58:22.359 TickProc Error #401 C0000005
00:58:22.437 TickProc Error #401 C0000005
00:58:22.546 TickProc Error #401 C0000005
00:58:22.656 TickProc Error #401 C0000005
00:58:23.718 TickProc Error #401 C0000005
00:58:23.734 TickProc Error #401 C0000005
00:58:23.812 TickProc Error #401 C0000005
00:58:23.843 TickProc Error #401 C0000005
00:58:23.937 TickProc Error #401 C0000005
00:58:23.984 TickProc Error #401 C0000005
00:58:23.046 TickProc Error #401 C0000005
00:58:23.156 TickProc Error #401 C0000005
00:58:23.234 TickProc Error #401 C0000005
00:58:23.343 TickProc Error #401 C0000005
00:58:23.437 TickProc Error #401 C0000005
00:58:23.546 TickProc Error #401 C0000005
00:58:23.656 TickProc Error #401 C0000005
00:58:24.734 TickProc Error #401 C0000005
00:58:24.859 TickProc Error #401 C0000005
00:58:24.890 TickProc Error #401 C0000005
00:58:24.937 TickProc Error #401 C0000005
00:58:24.968 TickProc Error #401 C0000005
00:58:24.046 TickProc Error #401 C0000005
00:58:24.078 TickProc Error #401 C0000005
00:58:24.156 TickProc Error #401 C0000005
00:58:24.234 TickProc Error #401 C0000005
00:58:24.343 TickProc Error #401 C0000005
00:58:24.437 TickProc Error #401 C0000005
00:58:24.546 TickProc Error #401 C0000005
00:58:24.656 TickProc Error #401 C0000005
00:58:25.734 TickProc Error #401 C0000005
00:58:25.843 TickProc Error #401 C0000005
00:58:25.937 TickProc Error #401 C0000005
11:25:55.937 TickProc Error #401 C0000005
11:25:55.000 TickProc Error #401 C0000005
11:25:55.015 TickProc Error #401 C0000005
11:25:55.078 TickProc Error #401 C0000005
11:25:55.187 TickProc Error #401 C0000005
11:25:55.281 TickProc Error #401 C0000005
11:25:55.390 TickProc Error #401 C0000005
11:25:55.500 TickProc Error #401 C0000005
11:25:55.578 TickProc Error #401 C0000005
11:25:55.671 TickProc Error #401 C0000005
11:25:55.703 TickProc Error #401 C0000005
11:25:56.781 TickProc Error #401 C0000005
11:25:56.890 TickProc Error #401 C0000005
11:25:56.968 TickProc Error #401 C0000005
11:25:56.000 TickProc Error #401 C0000005
11:25:56.062 TickProc Error #401 C0000005
11:25:56.093 TickProc Error #401 C0000005
11:25:56.140 TickProc Error #401 C0000005
11:25:56.171 TickProc Error #401 C0000005
11:25:56.250 TickProc Error #401 C0000005
11:25:56.281 TickProc Error #401 C0000005
11:25:56.343 TickProc Error #401 C0000005
11:25:56.375 TickProc Error #401 C0000005
11:25:56.453 TickProc Error #401 C0000005
11:25:56.484 TickProc Error #401 C0000005
11:25:56.593 TickProc Error #401 C0000005
11:25:56.671 TickProc Error #401 C0000005
11:25:57.781 TickProc Error #401 C0000005
11:25:57.875 TickProc Error #401 C0000005
11:25:57.984 TickProc Error #401 C0000005
11:25:57.093 TickProc Error #401 C0000005
11:25:57.171 TickProc Error #401 C0000005
11:25:57.296 TickProc Error #401 C0000005
11:25:57.375 TickProc Error #401 C0000005
11:25:57.484 TickProc Error #401 C0000005
11:25:57.578 TickProc Error #401 C0000005
11:25:57.656 TickProc Error #401 C0000005
11:25:57.687 TickProc Error #401 C0000005
11:25:58.796 TickProc Error #401 C0000005
11:25:58.875 TickProc Error #401 C0000005
11:25:58.937 TickProc Error #401 C0000005
11:25:58.000 TickProc Error #401 C0000005
11:25:58.078 TickProc Error #401 C0000005
11:25:58.531 TickProc Error #401 C0000005
11:25:58.578 TickProc Error #401 C0000005
11:25:58.640 TickProc Error #401 C0000005
11:25:58.687 TickProc Error #401 C0000005
11:25:59.718 TickProc Error #401 C0000005
11:25:59.781 TickProc Error #401 C0000005
11:25:59.812 TickProc Error #401 C0000005
11:25:59.890 TickProc Error #401 C0000005
11:25:59.968 TickProc Error #401 C0000005
11:25:59.000 TickProc Error #401 C0000005
11:25:59.093 TickProc Error #401 C0000005
11:25:59.171 TickProc Error #401 C0000005
11:25:59.281 TickProc Error #401 C0000005
11:25:59.359 TickProc Error #401 C0000005
11:25:59.390 TickProc Error #401 C0000005
11:25:59.453 TickProc Error #401 C0000005
11:25:59.500 TickProc Error #401 C0000005
11:25:59.531 TickProc Error #401 C0000005
11:25:59.593 TickProc Error #401 C0000005
11:25:59.609 TickProc Error #401 C0000005
11:25:59.671 TickProc Error #401 C0000005
11:26:00.734 TickProc Error #401 C0000005
11:26:00.781 TickProc Error #401 C0000005
11:26:00.812 TickProc Error #401 C0000005
11:26:00.890 TickProc Error #401 C0000005
11:26:00.984 TickProc Error #401 C0000005
11:26:00.093 TickProc Error #401 C0000005
11:26:00.171 TickProc Error #401 C0000005
11:26:00.281 TickProc Error #401 C0000005
11:26:00.375 TickProc Error #401 C0000005
11:26:00.484 TickProc Error #401 C0000005
11:26:00.593 TickProc Error #401 C0000005
11:26:00.687 TickProc Error #401 C0000005
11:26:01.656 TickProc Error #401 C0000005
11:26:01.687 TickProc Error #401 C0000005
11:26:02.796 TickProc Error #401 C0000005
11:26:02.890 TickProc Error #401 C0000005
11:26:02.000 TickProc Error #401 C0000005
11:26:02.078 TickProc Error #401 C0000005
11:26:02.187 TickProc Error #401 C0000005
11:26:03.062 TickProc Error #401 C0000005
11:26:03.093 TickProc Error #401 C0000005
11:26:03.171 TickProc Error #401 C0000005
11:26:03.281 TickProc Error #401 C0000005
11:26:03.375 TickProc Error #401 C0000005
11:26:03.484 TickProc Error #401 C0000005
11:26:03.593 TickProc Error #401 C0000005
11:26:04.406 TickProc Error #401 C0000005
11:26:04.484 TickProc Error #401 C0000005
11:26:04.578 TickProc Error #401 C0000005
11:26:04.687 TickProc Error #401 C0000005
11:26:05.796 TickProc Error #401 C0000005
11:26:05.875 TickProc Error #401 C0000005
11:26:05.000 TickProc Error #401 C0000005
11:26:05.078 TickProc Error #401 C0000005
11:26:05.109 TickProc Error #401 C0000005
11:26:05.187 TickProc Error #401 C0000005
11:26:05.500 TickProc Error #401 C0000005
11:26:05.578 TickProc Error #401 C0000005
11:26:05.687 TickProc Error #401 C0000005
11:26:06.781 TickProc Error #401 C0000005
11:26:06.890 TickProc Error #401 C0000005
11:26:06.000 TickProc Error #401 C0000005
11:26:07.062 TickProc Error #401 C0000005
11:26:07.093 TickProc Error #401 C0000005
11:26:07.171 TickProc Error #401 C0000005
11:26:07.281 TickProc Error #401 C0000005
11:26:07.375 TickProc Error #401 C0000005
11:26:07.484 TickProc Error #401 C0000005
11:26:07.593 TickProc Error #401 C0000005
11:26:08.296 TickProc Error #401 C0000005
11:26:08.328 TickProc Error #401 C0000005
11:26:08.375 TickProc Error #401 C0000005
11:26:08.500 TickProc Error #401 C0000005
11:26:08.578 TickProc Error #401 C0000005
11:26:08.687 TickProc Error #401 C0000005
11:26:09.796 TickProc Error #401 C0000005
11:26:09.890 TickProc Error #401 C0000005
11:26:10.671 TickProc Error #401 C0000005
11:26:12.187 TickProc Error #401 C0000005
11:26:12.296 TickProc Error #401 C0000005
11:26:12.390 TickProc Error #401 C0000005
11:26:12.500 TickProc Error #401 C0000005
11:26:12.578 TickProc Error #401 C0000005
11:26:12.687 TickProc Error #401 C0000005
11:26:13.781 TickProc Error #401 C0000005
11:26:13.890 TickProc Error #401 C0000005
11:26:13.921 TickProc Error #401 C0000005
11:26:13.000 TickProc Error #401 C0000005
11:26:13.078 TickProc Error #401 C0000005
11:26:13.140 TickProc Error #401 C0000005
21:36:34.265 TickProc Error #401 C0000005
21:36:34.343 TickProc Error #401 C0000005
21:36:34.375 TickProc Error #401 C0000005
21:36:34.453 TickProc Error #401 C0000005
21:36:34.468 TickProc Error #401 C0000005
21:36:34.546 TickProc Error #401 C0000005
21:36:34.625 TickProc Error #401 C0000005
21:36:34.656 TickProc Error #401 C0000005
21:36:35.718 TickProc Error #401 C0000005
21:36:35.750 TickProc Error #401 C0000005
21:36:35.796 TickProc Error #401 C0000005
21:36:35.843 TickProc Error #401 C0000005
21:36:35.890 TickProc Error #401 C0000005
21:36:35.953 TickProc Error #401 C0000005
21:36:35.046 TickProc Error #401 C0000005
21:36:35.156 TickProc Error #401 C0000005
21:36:35.250 TickProc Error #401 C0000005
21:36:35.296 TickProc Error #401 C0000005
21:36:35.343 TickProc Error #401 C0000005
21:36:35.390 TickProc Error #401 C0000005
21:36:35.453 TickProc Error #401 C0000005
21:36:35.468 TickProc Error #401 C0000005
21:36:35.546 TickProc Error #401 C0000005
21:36:35.562 TickProc Error #401 C0000005
21:36:35.656 TickProc Error #401 C0000005
21:36:36.750 TickProc Error #401 C0000005
21:36:36.796 TickProc Error #401 C0000005
21:36:36.843 TickProc Error #401 C0000005
21:36:36.953 TickProc Error #401 C0000005
21:36:36.046 TickProc Error #401 C0000005
21:36:36.156 TickProc Error #401 C0000005
21:36:36.250 TickProc Error #401 C0000005
21:36:36.328 TickProc Error #401 C0000005
21:36:36.359 TickProc Error #401 C0000005
21:36:36.437 TickProc Error #401 C0000005
21:36:36.453 TickProc Error #401 C0000005
21:36:36.515 TickProc Error #401 C0000005
21:36:36.546 TickProc Error #401 C0000005
21:36:36.609 TickProc Error #401 C0000005
21:36:36.656 TickProc Error #401 C0000005
21:36:37.703 TickProc Error #401 C0000005
21:36:37.750 TickProc Error #401 C0000005
21:37:18.359 TickProc Error #401 C0000005
21:37:18.453 TickProc Error #401 C0000005
21:37:18.546 TickProc Error #401 C0000005
21:37:18.656 TickProc Error #401 C0000005
21:37:19.750 TickProc Error #401 C0000005
21:37:19.843 TickProc Error #401 C0000005
21:37:19.859 TickProc Error #401 C0000005
21:37:19.937 TickProc Error #401 C0000005
21:37:19.953 TickProc Error #401 C0000005
21:37:19.046 TickProc Error #401 C0000005
21:37:19.125 TickProc Error #401 C0000005
21:37:19.156 TickProc Error #401 C0000005
21:37:19.218 TickProc Error #401 C0000005
21:37:19.250 TickProc Error #401 C0000005
21:37:19.296 TickProc Error #401 C0000005
21:37:19.343 TickProc Error #401 C0000005
21:37:19.390 TickProc Error #401 C0000005
21:37:19.453 TickProc Error #401 C0000005
21:37:19.546 TickProc Error #401 C0000005
21:37:19.656 TickProc Error #401 C0000005
21:37:20.750 TickProc Error #401 C0000005
21:37:20.843 TickProc Error #401 C0000005
21:37:20.953 TickProc Error #401 C0000005
21:37:20.156 TickProc Error #401 C0000005
21:37:20.250 TickProc Error #401 C0000005
21:37:20.359 TickProc Error #401 C0000005
21:37:20.453 TickProc Error #401 C0000005
21:37:20.546 TickProc Error #401 C0000005
21:37:20.656 TickProc Error #401 C0000005
21:37:21.750 TickProc Error #401 C0000005
21:37:21.843 TickProc Error #401 C0000005
21:37:21.953 TickProc Error #401 C0000005
21:37:21.046 TickProc Error #401 C0000005
21:37:21.078 TickProc Error #401 C0000005
21:37:22.953 TickProc Error #401 C0000005
21:37:22.046 TickProc Error #401 C0000005
21:37:22.156 TickProc Error #401 C0000005
21:37:22.250 TickProc Error #401 C0000005
21:37:22.359 TickProc Error #401 C0000005
21:37:22.453 TickProc Error #401 C0000005
21:37:22.515 TickProc Error #401 C0000005
21:37:22.546 TickProc Error #401 C0000005
21:37:22.609 TickProc Error #401 C0000005
21:37:22.656 TickProc Error #401 C0000005
21:37:23.703 TickProc Error #401 C0000005
21:37:23.750 TickProc Error #401 C0000005
21:37:23.781 TickProc Error #401 C0000005
21:37:23.843 TickProc Error #401 C0000005
22:06:18.546 TickProc Error #401 C0000005
22:06:18.625 TickProc Error #401 C0000005
22:06:18.656 TickProc Error #401 C0000005
22:06:19.718 TickProc Error #401 C0000005
22:06:19.750 TickProc Error #401 C0000005
22:06:19.812 TickProc Error #401 C0000005
22:06:19.843 TickProc Error #401 C0000005
22:06:19.906 TickProc Error #401 C0000005
22:06:19.953 TickProc Error #401 C0000005
22:06:19.984 TickProc Error #401 C0000005
22:06:19.046 TickProc Error #401 C0000005
22:06:19.093 TickProc Error #401 C0000005
22:06:19.156 TickProc Error #401 C0000005
22:06:19.171 TickProc Error #401 C0000005
22:06:19.250 TickProc Error #401 C0000005
22:06:19.265 TickProc Error #401 C0000005
22:06:19.343 TickProc Error #401 C0000005
22:06:19.453 TickProc Error #401 C0000005
22:06:19.546 TickProc Error #401 C0000005
22:06:19.593 TickProc Error #401 C0000005
22:06:19.656 TickProc Error #401 C0000005
22:06:19.687 TickProc Error #401 C0000005
22:06:20.750 TickProc Error #401 C0000005
22:06:20.843 TickProc Error #401 C0000005
22:06:20.953 TickProc Error #401 C0000005
22:06:20.046 TickProc Error #401 C0000005
22:06:20.078 TickProc Error #401 C0000005
22:06:20.156 TickProc Error #401 C0000005
22:06:20.171 TickProc Error #401 C0000005
22:06:20.250 TickProc Error #401 C0000005
22:06:20.359 TickProc Error #401 C0000005
22:06:20.453 TickProc Error #401 C0000005
22:06:20.546 TickProc Error #401 C0000005
22:06:20.625 TickProc Error #401 C0000005
22:06:20.656 TickProc Error #401 C0000005
22:06:21.718 TickProc Error #401 C0000005
22:06:21.750 TickProc Error #401 C0000005
22:06:21.796 TickProc Error #401 C0000005
22:06:21.843 TickProc Error #401 C0000005
22:06:21.890 TickProc Error #401 C0000005
22:06:21.953 TickProc Error #401 C0000005
22:06:21.984 TickProc Error #401 C0000005
22:06:21.046 TickProc Error #401 C0000005
22:06:21.078 TickProc Error #401 C0000005
22:06:21.156 TickProc Error #401 C0000005
22:06:21.250 TickProc Error #401 C0000005
22:06:21.343 TickProc Error #401 C0000005
22:06:21.437 TickProc Error #401 C0000005
22:06:21.453 TickProc Error #401 C0000005
22:06:22.140 TickProc Error #401 C0000005
22:06:22.156 TickProc Error #401 C0000005
22:06:22.250 TickProc Error #401 C0000005
22:06:22.359 TickProc Error #401 C0000005
22:06:22.453 TickProc Error #401 C0000005
22:06:22.546 TickProc Error #401 C0000005
22:06:22.656 TickProc Error #401 C0000005
22:06:22.671 TickProc Error #401 C0000005
22:06:23.343 TickProc Error #401 C0000005
22:06:23.453 TickProc Error #401 C0000005
22:06:23.546 TickProc Error #401 C0000005
22:06:23.671 TickProc Error #401 C0000005
22:06:24.750 TickProc Error #401 C0000005
22:06:24.843 TickProc Error #401 C0000005
22:06:24.875 TickProc Error #401 C0000005
22:06:24.500 TickProc Error #401 C0000005
22:06:24.546 TickProc Error #401 C0000005
22:06:24.656 TickProc Error #401 C0000005
22:06:25.750 TickProc Error #401 C0000005
22:06:25.843 TickProc Error #401 C0000005
22:06:25.953 TickProc Error #401 C0000005
22:06:25.046 TickProc Error #401 C0000005
22:06:25.093 TickProc Error #401 C0000005
22:06:25.156 TickProc Error #401 C0000005
22:06:25.671 TickProc Error #401 C0000005
22:06:26.750 TickProc Error #401 C0000005
22:06:26.781 TickProc Error #401 C0000005
22:06:26.843 TickProc Error #401 C0000005
22:06:26.953 TickProc Error #401 C0000005
22:06:26.046 TickProc Error #401 C0000005
22:06:26.156 TickProc Error #401 C0000005
22:06:26.250 TickProc Error #401 C0000005
22:06:26.265 TickProc Error #401 C0000005
22:06:26.359 TickProc Error #401 C0000005
22:06:26.375 TickProc Error #401 C0000005
22:06:26.453 TickProc Error #401 C0000005
22:06:26.484 TickProc Error #401 C0000005
22:06:26.546 TickProc Error #401 C0000005
22:06:26.625 TickProc Error #401 C0000005
22:06:26.656 TickProc Error #401 C0000005
22:06:27.718 TickProc Error #401 C0000005
22:06:27.750 TickProc Error #401 C0000005
22:06:27.796 TickProc Error #401 C0000005
22:06:27.843 TickProc Error #401 C0000005
22:06:27.890 TickProc Error #401 C0000005
22:06:27.953 TickProc Error #401 C0000005
22:06:27.218 TickProc Error #401 C0000005
22:06:27.250 TickProc Error #401 C0000005
22:06:27.343 TickProc Error #401 C0000005
22:06:27.453 TickProc Error #401 C0000005
22:06:27.546 TickProc Error #401 C0000005
22:06:27.671 TickProc Error #401 C0000005
22:06:27.687 TickProc Error #401 C0000005
22:06:28.750 TickProc Error #401 C0000005
22:06:28.843 TickProc Error #401 C0000005
22:06:28.953 TickProc Error #401 C0000005
22:06:28.046 TickProc Error #401 C0000005
22:06:28.109 TickProc Error #401 C0000005
22:06:28.156 TickProc Error #401 C0000005
22:06:28.171 TickProc Error #401 C0000005
22:06:28.250 TickProc Error #401 C0000005
22:06:28.265 TickProc Error #401 C0000005
22:06:28.343 TickProc Error #401 C0000005
22:06:28.390 TickProc Error #401 C0000005
22:06:28.453 TickProc Error #401 C0000005
22:06:28.468 TickProc Error #401 C0000005
22:06:28.546 TickProc Error #401 C0000005
22:06:28.562 TickProc Error #401 C0000005
22:06:28.656 TickProc Error #401 C0000005
22:06:29.750 TickProc Error #401 C0000005
22:06:29.812 TickProc Error #401 C0000005
22:06:29.843 TickProc Error #401 C0000005
22:06:29.906 TickProc Error #401 C0000005
22:06:29.953 TickProc Error #401 C0000005
22:06:29.984 TickProc Error #401 C0000005
22:06:29.046 TickProc Error #401 C0000005
22:06:29.093 TickProc Error #401 C0000005
22:06:29.156 TickProc Error #401 C0000005
22:06:29.171 TickProc Error #401 C0000005
22:06:29.250 TickProc Error #401 C0000005
22:06:29.265 TickProc Error #401 C0000005
22:06:29.343 TickProc Error #401 C0000005
22:06:29.437 TickProc Error #401 C0000005
22:06:29.453 TickProc Error #401 C0000005
22:06:29.687 TickProc Error #401 C0000005
22:06:30.750 TickProc Error #401 C0000005
22:06:30.984 TickProc Error #401 C0000005
22:06:30.046 TickProc Error #401 C0000005
22:06:30.296 TickProc Error #401 C0000005
22:06:30.359 TickProc Error #401 C0000005
10:41:59.703 TickProc Error #401 C0000005
10:42:00.750 TickProc Error #401 C0000005
10:42:00.859 TickProc Error #401 C0000005
10:42:00.953 TickProc Error #401 C0000005
10:42:00.046 TickProc Error #401 C0000005
10:42:00.156 TickProc Error #401 C0000005
10:42:00.250 TickProc Error #401 C0000005
10:42:00.296 TickProc Error #401 C0000005
10:42:00.359 TickProc Error #401 C0000005
10:42:00.406 TickProc Error #401 C0000005
10:42:00.453 TickProc Error #401 C0000005
10:50:40.015 TickProc Error #401 C0000005
10:50:40.046 TickProc Error #401 C0000005
10:50:40.156 TickProc Error #401 C0000005
10:50:40.250 TickProc Error #401 C0000005
10:50:40.375 TickProc Error #401 C0000005
10:50:43.953 TickProc Error #401 C0000005
10:50:43.046 TickProc Error #401 C0000005
10:50:43.156 TickProc Error #401 C0000005
10:50:44.656 TickProc Error #401 C0000005
10:50:45.750 TickProc Error #401 C0000005
10:50:45.859 TickProc Error #401 C0000005
10:50:45.890 TickProc Error #401 C0000005
10:50:45.968 TickProc Error #401 C0000005
10:50:45.968 TickProc Error #401 C0000005
10:50:45.062 TickProc Error #401 C0000005
10:50:45.078 TickProc Error #401 C0000005
10:50:45.156 TickProc Error #401 C0000005
10:50:45.250 TickProc Error #401 C0000005
10:50:45.359 TickProc Error #401 C0000005
10:50:45.453 TickProc Error #401 C0000005
10:50:45.468 TickProc Error #401 C0000005
10:50:45.546 TickProc Error #401 C0000005
10:50:45.562 TickProc Error #401 C0000005
10:50:45.640 TickProc Error #401 C0000005
10:50:45.671 TickProc Error #401 C0000005
10:50:46.750 TickProc Error #401 C0000005
10:50:47.718 TickProc Error #401 C0000005
10:50:47.750 TickProc Error #401 C0000005
10:50:47.859 TickProc Error #401 C0000005
10:50:47.953 TickProc Error #401 C0000005
10:50:47.046 TickProc Error #401 C0000005
10:50:47.156 TickProc Error #401 C0000005
10:50:47.171 TickProc Error #401 C0000005
10:50:47.250 TickProc Error #401 C0000005
10:50:47.359 TickProc Error #401 C0000005
10:50:47.390 TickProc Error #401 C0000005
10:50:47.453 TickProc Error #401 C0000005
10:50:47.562 TickProc Error #401 C0000005
10:50:48.734 TickProc Error #401 C0000005
10:50:48.750 TickProc Error #401 C0000005
10:50:48.859 TickProc Error #401 C0000005
10:50:48.875 TickProc Error #401 C0000005
10:50:48.953 TickProc Error #401 C0000005
10:50:48.046 TickProc Error #401 C0000005
10:50:48.078 TickProc Error #401 C0000005
10:50:48.156 TickProc Error #401 C0000005
10:50:48.250 TickProc Error #401 C0000005
10:50:48.359 TickProc Error #401 C0000005
10:50:48.437 TickProc Error #401 C0000005
10:50:48.453 TickProc Error #401 C0000005
10:50:48.546 TickProc Error #401 C0000005
10:50:48.578 TickProc Error #401 C0000005
10:50:48.656 TickProc Error #401 C0000005
10:50:49.750 TickProc Error #401 C0000005
10:50:49.859 TickProc Error #401 C0000005
10:50:49.906 TickProc Error #401 C0000005
10:50:49.953 TickProc Error #401 C0000005
10:50:49.046 TickProc Error #401 C0000005
10:50:49.218 TickProc Error #401 C0000005
10:50:49.250 TickProc Error #401 C0000005
10:50:49.375 TickProc Error #401 C0000005
10:50:49.390 TickProc Error #401 C0000005
10:50:49.453 TickProc Error #401 C0000005
10:50:49.546 TickProc Error #401 C0000005
10:50:49.671 TickProc Error #401 C0000005
10:50:50.750 TickProc Error #401 C0000005
10:50:50.859 TickProc Error #401 C0000005
10:50:50.953 TickProc Error #401 C0000005
10:50:50.046 TickProc Error #401 C0000005
11:21:55.703 TickProc Error #401 C0000005
11:21:56.750 TickProc Error #401 C0000005
11:21:56.796 TickProc Error #401 C0000005
11:21:56.859 TickProc Error #401 C0000005
11:21:56.875 TickProc Error #401 C0000005
11:21:56.953 TickProc Error #401 C0000005
11:21:56.968 TickProc Error #401 C0000005
11:21:56.046 TickProc Error #401 C0000005
11:21:56.156 TickProc Error #401 C0000005
11:21:56.250 TickProc Error #401 C0000005
11:21:56.359 TickProc Error #401 C0000005
11:21:56.453 TickProc Error #401 C0000005
11:21:56.484 TickProc Error #401 C0000005
11:21:56.546 TickProc Error #401 C0000005
11:21:56.562 TickProc Error #401 C0000005
11:21:56.640 TickProc Error #401 C0000005
11:21:56.656 TickProc Error #401 C0000005
11:21:57.734 TickProc Error #401 C0000005
11:21:57.750 TickProc Error #401 C0000005
11:21:57.828 TickProc Error #401 C0000005
11:21:57.859 TickProc Error #401 C0000005
11:21:57.921 TickProc Error #401 C0000005
11:21:57.953 TickProc Error #401 C0000005
11:21:57.046 TickProc Error #401 C0000005
11:21:57.156 TickProc Error #401 C0000005
11:21:57.250 TickProc Error #401 C0000005
11:21:57.281 TickProc Error #401 C0000005
11:21:57.359 TickProc Error #401 C0000005
11:21:57.375 TickProc Error #401 C0000005
11:21:57.453 TickProc Error #401 C0000005
11:21:57.468 TickProc Error #401 C0000005
11:21:58.296 TickProc Error #401 C0000005
11:21:58.359 TickProc Error #401 C0000005
11:21:58.453 TickProc Error #401 C0000005
11:21:58.546 TickProc Error #401 C0000005
11:21:58.656 TickProc Error #401 C0000005
11:21:59.750 TickProc Error #401 C0000005
11:21:59.859 TickProc Error #401 C0000005
11:21:59.953 TickProc Error #401 C0000005
11:21:59.046 TickProc Error #401 C0000005
11:21:59.062 TickProc Error #401 C0000005
11:21:59.156 TickProc Error #401 C0000005
11:21:59.234 TickProc Error #401 C0000005
11:21:59.250 TickProc Error #401 C0000005
11:22:00.140 TickProc Error #401 C0000005
11:22:00.156 TickProc Error #401 C0000005
11:22:00.250 TickProc Error #401 C0000005
11:22:00.375 TickProc Error #401 C0000005
11:22:00.453 TickProc Error #401 C0000005
11:22:00.546 TickProc Error #401 C0000005
11:22:00.656 TickProc Error #401 C0000005
11:22:00.671 TickProc Error #401 C0000005
11:22:01.750 TickProc Error #401 C0000005
11:22:01.359 TickProc Error #401 C0000005
11:22:01.375 TickProc Error #401 C0000005
11:22:01.453 TickProc Error #401 C0000005
11:22:01.546 TickProc Error #401 C0000005
11:22:01.671 TickProc Error #401 C0000005
11:22:02.750 TickProc Error #401 C0000005
11:22:02.859 TickProc Error #401 C0000005
11:22:02.953 TickProc Error #401 C0000005
11:22:02.031 TickProc Error #401 C0000005
11:22:02.046 TickProc Error #401 C0000005
11:22:02.156 TickProc Error #401 C0000005
11:22:02.171 TickProc Error #401 C0000005
11:22:02.250 TickProc Error #401 C0000005
11:22:02.359 TickProc Error #401 C0000005
11:22:02.453 TickProc Error #401 C0000005
11:22:02.531 TickProc Error #401 C0000005
11:22:02.546 TickProc Error #401 C0000005
11:22:02.656 TickProc Error #401 C0000005
11:22:03.750 TickProc Error #401 C0000005
11:22:03.859 TickProc Error #401 C0000005
11:22:03.953 TickProc Error #401 C0000005
11:22:03.046 TickProc Error #401 C0000005
11:22:03.578 TickProc Error #401 C0000005
11:22:03.656 TickProc Error #401 C0000005
11:22:04.750 TickProc Error #401 C0000005
11:22:04.859 TickProc Error #401 C0000005
11:22:04.953 TickProc Error #401 C0000005
11:22:04.046 TickProc Error #401 C0000005
11:22:04.156 TickProc Error #401 C0000005
11:22:04.218 TickProc Error #401 C0000005
11:22:04.250 TickProc Error #401 C0000005
11:22:05.250 TickProc Error #401 C0000005
11:22:05.359 TickProc Error #401 C0000005
11:22:05.453 TickProc Error #401 C0000005
11:22:05.546 TickProc Error #401 C0000005
11:22:05.671 TickProc Error #401 C0000005
11:22:06.750 TickProc Error #401 C0000005
11:22:06.859 TickProc Error #401 C0000005
11:22:06.953 TickProc Error #401 C0000005
11:22:06.031 TickProc Error #401 C0000005
11:22:06.046 TickProc Error #401 C0000005
11:22:06.125 TickProc Error #401 C0000005
11:22:06.156 TickProc Error #401 C0000005
11:22:06.203 TickProc Error #401 C0000005
11:22:06.250 TickProc Error #401 C0000005
11:22:06.296 TickProc Error #401 C0000005
11:22:06.359 TickProc Error #401 C0000005
11:22:06.453 TickProc Error #401 C0000005
11:22:06.546 TickProc Error #401 C0000005
11:22:06.656 TickProc Error #401 C0000005
11:22:07.750 TickProc Error #401 C0000005
11:22:07.843 TickProc Error #401 C0000005
11:22:07.859 TickProc Error #401 C0000005
11:22:07.265 TickProc Error #401 C0000005
11:22:07.359 TickProc Error #401 C0000005
11:22:07.453 TickProc Error #401 C0000005
11:22:07.546 TickProc Error #401 C0000005
11:22:07.656 TickProc Error #401 C0000005
11:22:08.750 TickProc Error #401 C0000005
11:22:08.859 TickProc Error #401 C0000005
11:22:08.875 TickProc Error #401 C0000005
11:22:08.953 TickProc Error #401 C0000005
11:22:08.046 TickProc Error #401 C0000005
11:22:08.125 TickProc Error #401 C0000005
11:22:08.156 TickProc Error #401 C0000005
11:22:08.250 TickProc Error #401 C0000005
11:22:08.281 TickProc Error #401 C0000005
11:22:08.359 TickProc Error #401 C0000005
11:22:08.453 TickProc Error #401 C0000005
11:22:08.515 TickProc Error #401 C0000005
11:22:09.953 TickProc Error #401 C0000005
11:22:09.046 TickProc Error #401 C0000005
11:22:09.156 TickProc Error #401 C0000005
11:22:09.218 TickProc Error #401 C0000005
11:22:09.250 TickProc Error #401 C0000005
11:22:09.312 TickProc Error #401 C0000005
11:22:09.359 TickProc Error #401 C0000005
11:22:09.375 TickProc Error #401 C0000005
11:22:09.453 TickProc Error #401 C0000005
11:22:09.546 TickProc Error #401 C0000005
11:22:09.671 TickProc Error #401 C0000005
11:22:10.750 TickProc Error #401 C0000005
11:22:10.765 TickProc Error #401 C0000005
11:22:10.843 TickProc Error #401 C0000005
11:22:10.859 TickProc Error #401 C0000005
11:22:10.953 TickProc Error #401 C0000005
11:22:10.046 TickProc Error #401 C0000005
11:22:10.156 TickProc Error #401 C0000005
11:22:10.187 TickProc Error #401 C0000005
11:22:10.250 TickProc Error #401 C0000005
11:22:10.265 TickProc Error #401 C0000005
11:22:10.359 TickProc Error #401 C0000005
11:22:10.375 TickProc Error #401 C0000005
11:22:11.359 TickProc Error #401 C0000005
11:22:11.390 TickProc Error #401 C0000005
11:22:11.453 TickProc Error #401 C0000005
11:22:11.546 TickProc Error #401 C0000005
11:22:11.656 TickProc Error #401 C0000005
11:22:12.750 TickProc Error #401 C0000005
11:22:12.859 TickProc Error #401 C0000005
11:22:12.953 TickProc Error #401 C0000005
11:22:12.968 TickProc Error #401 C0000005
11:22:12.046 TickProc Error #401 C0000005
11:22:12.156 TickProc Error #401 C0000005
11:22:12.250 TickProc Error #401 C0000005
11:22:12.265 TickProc Error #401 C0000005
11:22:12.359 TickProc Error #401 C0000005
11:22:12.375 TickProc Error #401 C0000005
11:22:12.453 TickProc Error #401 C0000005
11:22:12.468 TickProc Error #401 C0000005
11:22:12.546 TickProc Error #401 C0000005
11:22:12.625 TickProc Error #401 C0000005
11:22:12.656 TickProc Error #401 C0000005
11:22:13.750 TickProc Error #401 C0000005
11:22:13.859 TickProc Error #401 C0000005
11:22:13.953 TickProc Error #401 C0000005
11:22:13.015 TickProc Error #401 C0000005
11:22:13.062 TickProc Error #401 C0000005
11:22:13.156 TickProc Error #401 C0000005
11:22:13.250 TickProc Error #401 C0000005
11:22:13.359 TickProc Error #401 C0000005
11:22:13.453 TickProc Error #401 C0000005
11:22:13.546 TickProc Error #401 C0000005
11:22:13.593 TickProc Error #401 C0000005
11:22:13.671 TickProc Error #401 C0000005
11:22:14.750 TickProc Error #401 C0000005
11:22:14.796 TickProc Error #401 C0000005
11:22:14.859 TickProc Error #401 C0000005
11:22:14.953 TickProc Error #401 C0000005
11:22:14.000 TickProc Error #401 C0000005
11:22:14.046 TickProc Error #401 C0000005
11:22:14.156 TickProc Error #401 C0000005
11:22:15.953 TickProc Error #401 C0000005
11:22:15.046 TickProc Error #401 C0000005
11:22:15.156 TickProc Error #401 C0000005
11:22:15.187 TickProc Error #401 C0000005
11:22:17.750 TickProc Error #401 C0000005
11:22:17.859 TickProc Error #401 C0000005
11:22:17.953 TickProc Error #401 C0000005
11:22:17.031 TickProc Error #401 C0000005
11:22:17.046 TickProc Error #401 C0000005
11:22:17.109 TickProc Error #401 C0000005
11:22:17.156 TickProc Error #401 C0000005
11:22:17.203 TickProc Error #401 C0000005
11:22:17.250 TickProc Error #401 C0000005
11:22:17.312 TickProc Error #401 C0000005
11:22:17.359 TickProc Error #401 C0000005
11:22:17.453 TickProc Error #401 C0000005
11:22:17.546 TickProc Error #401 C0000005
11:22:17.671 TickProc Error #401 C0000005
11:22:18.750 TickProc Error #401 C0000005
11:22:18.859 TickProc Error #401 C0000005
11:22:18.953 TickProc Error #401 C0000005
11:22:18.046 TickProc Error #401 C0000005
11:22:18.156 TickProc Error #401 C0000005
11:22:18.171 TickProc Error #401 C0000005
11:22:18.250 TickProc Error #401 C0000005
11:22:18.359 TickProc Error #401 C0000005
11:22:18.453 TickProc Error #401 C0000005
11:22:18.546 TickProc Error #401 C0000005
11:22:18.609 TickProc Error #401 C0000005
11:22:18.656 TickProc Error #401 C0000005
11:22:19.750 TickProc Error #401 C0000005
11:22:19.859 TickProc Error #401 C0000005
11:22:19.953 TickProc Error #401 C0000005
11:22:19.968 TickProc Error #401 C0000005
11:22:19.046 TickProc Error #401 C0000005
11:22:19.125 TickProc Error #401 C0000005
11:22:19.156 TickProc Error #401 C0000005
11:22:19.218 TickProc Error #401 C0000005
11:22:19.250 TickProc Error #401 C0000005
11:22:19.296 TickProc Error #401 C0000005
11:22:19.359 TickProc Error #401 C0000005
11:22:19.546 TickProc Error #401 C0000005
11:22:19.671 TickProc Error #401 C0000005
11:22:20.750 TickProc Error #401 C0000005
11:22:20.859 TickProc Error #401 C0000005
11:22:20.953 TickProc Error #401 C0000005
11:22:20.046 TickProc Error #401 C0000005
11:22:20.156 TickProc Error #401 C0000005
11:22:20.171 TickProc Error #401 C0000005
11:22:22.937 TickProc Error #401 C0000005
11:22:22.953 TickProc Error #401 C0000005
11:22:22.046 TickProc Error #401 C0000005
11:22:22.156 TickProc Error #401 C0000005
11:22:22.250 TickProc Error #401 C0000005
11:22:22.359 TickProc Error #401 C0000005
11:22:22.453 TickProc Error #401 C0000005
11:22:22.484 TickProc Error #401 C0000005
11:22:22.546 TickProc Error #401 C0000005
11:22:22.562 TickProc Error #401 C0000005
11:22:23.468 TickProc Error #401 C0000005
11:22:23.546 TickProc Error #401 C0000005
11:22:23.671 TickProc Error #401 C0000005
11:22:24.750 TickProc Error #401 C0000005
11:22:24.859 TickProc Error #401 C0000005
11:22:24.953 TickProc Error #401 C0000005
11:22:24.000 TickProc Error #401 C0000005
11:22:24.046 TickProc Error #401 C0000005
11:22:24.156 TickProc Error #401 C0000005
11:22:24.171 TickProc Error #401 C0000005
11:22:24.250 TickProc Error #401 C0000005
11:22:24.359 TickProc Error #401 C0000005
11:22:24.390 TickProc Error #401 C0000005
11:22:24.453 TickProc Error #401 C0000005
11:22:24.546 TickProc Error #401 C0000005
11:22:24.640 TickProc Error #401 C0000005
11:22:24.656 TickProc Error #401 C0000005
11:22:25.750 TickProc Error #401 C0000005
11:22:25.796 TickProc Error #401 C0000005
11:22:25.859 TickProc Error #401 C0000005
11:22:25.953 TickProc Error #401 C0000005
11:22:25.046 TickProc Error #401 C0000005
11:22:25.156 TickProc Error #401 C0000005
11:22:25.250 TickProc Error #401 C0000005
11:22:27.859 TickProc Error #401 C0000005
11:22:27.953 TickProc Error #401 C0000005
11:22:27.046 TickProc Error #401 C0000005
11:22:27.156 TickProc Error #401 C0000005
11:22:27.250 TickProc Error #401 C0000005
11:22:27.343 TickProc Error #401 C0000005
11:22:27.359 TickProc Error #401 C0000005
11:22:27.437 TickProc Error #401 C0000005
11:22:27.453 TickProc Error #401 C0000005
11:22:27.531 TickProc Error #401 C0000005
11:22:27.546 TickProc Error #401 C0000005
11:22:27.656 TickProc Error #401 C0000005
11:22:28.250 TickProc Error #401 C0000005
11:22:28.375 TickProc Error #401 C0000005
11:22:28.453 TickProc Error #401 C0000005
11:22:28.546 TickProc Error #401 C0000005
11:22:28.656 TickProc Error #401 C0000005
11:22:29.750 TickProc Error #401 C0000005
11:22:29.828 TickProc Error #401 C0000005
11:22:29.859 TickProc Error #401 C0000005
11:22:29.906 TickProc Error #401 C0000005
11:22:29.953 TickProc Error #401 C0000005
11:22:29.000 TickProc Error #401 C0000005
11:22:29.046 TickProc Error #401 C0000005
11:22:29.093 TickProc Error #401 C0000005
11:22:29.156 TickProc Error #401 C0000005
11:22:29.171 TickProc Error #401 C0000005
11:22:29.250 TickProc Error #401 C0000005
11:22:29.359 TickProc Error #401 C0000005
11:22:29.453 TickProc Error #401 C0000005
11:22:29.546 TickProc Error #401 C0000005
11:22:29.656 TickProc Error #401 C0000005
11:22:30.718 TickProc Error #401 C0000005
11:22:30.750 TickProc Error #401 C0000005
11:22:30.796 TickProc Error #401 C0000005
11:22:30.859 TickProc Error #401 C0000005
11:22:30.890 TickProc Error #401 C0000005
11:22:30.953 TickProc Error #401 C0000005
11:22:30.968 TickProc Error #401 C0000005
11:22:30.046 TickProc Error #401 C0000005
11:22:30.062 TickProc Error #401 C0000005
11:22:30.140 TickProc Error #401 C0000005
11:22:30.156 TickProc Error #401 C0000005
11:22:30.234 TickProc Error #401 C0000005
11:22:30.250 TickProc Error #401 C0000005
11:22:30.359 TickProc Error #401 C0000005
11:22:30.375 TickProc Error #401 C0000005
11:22:30.453 TickProc Error #401 C0000005
11:22:30.546 TickProc Error #401 C0000005
11:22:30.656 TickProc Error #401 C0000005
11:22:31.750 TickProc Error #401 C0000005
11:22:31.859 TickProc Error #401 C0000005
11:22:31.953 TickProc Error #401 C0000005
11:22:31.031 TickProc Error #401 C0000005
11:22:31.046 TickProc Error #401 C0000005
11:22:31.546 TickProc Error #401 C0000005
11:22:31.625 TickProc Error #401 C0000005
11:22:31.656 TickProc Error #401 C0000005
11:22:32.750 TickProc Error #401 C0000005
11:22:32.859 TickProc Error #401 C0000005
11:22:32.953 TickProc Error #401 C0000005
11:22:32.015 TickProc Error #401 C0000005
11:22:32.046 TickProc Error #401 C0000005
11:22:32.125 TickProc Error #401 C0000005
11:22:32.156 TickProc Error #401 C0000005
11:22:32.250 TickProc Error #401 C0000005
11:22:32.359 TickProc Error #401 C0000005
11:22:32.453 TickProc Error #401 C0000005
11:22:32.546 TickProc Error #401 C0000005
11:22:32.656 TickProc Error #401 C0000005
11:22:33.750 TickProc Error #401 C0000005
11:22:33.859 TickProc Error #401 C0000005
11:22:33.937 TickProc Error #401 C0000005
11:22:33.953 TickProc Error #401 C0000005
11:22:33.046 TickProc Error #401 C0000005
11:22:33.140 TickProc Error #401 C0000005
11:22:33.156 TickProc Error #401 C0000005
11:22:33.218 TickProc Error #401 C0000005
11:22:33.250 TickProc Error #401 C0000005
11:22:33.312 TickProc Error #401 C0000005
11:22:33.359 TickProc Error #401 C0000005
11:22:33.453 TickProc Error #401 C0000005
11:22:33.546 TickProc Error #401 C0000005
11:22:33.671 TickProc Error #401 C0000005
11:22:34.718 TickProc Error #401 C0000005
11:22:34.750 TickProc Error #401 C0000005
11:22:34.859 TickProc Error #401 C0000005
11:22:34.953 TickProc Error #401 C0000005
11:22:34.046 TickProc Error #401 C0000005
11:22:34.156 TickProc Error #401 C0000005
11:22:34.171 TickProc Error #401 C0000005
11:22:34.250 TickProc Error #401 C0000005
11:22:35.359 TickProc Error #401 C0000005
11:22:35.453 TickProc Error #401 C0000005
11:22:35.546 TickProc Error #401 C0000005
11:22:35.671 TickProc Error #401 C0000005
11:22:36.750 TickProc Error #401 C0000005
11:22:36.859 TickProc Error #401 C0000005
11:22:36.953 TickProc Error #401 C0000005
11:22:36.968 TickProc Error #401 C0000005
11:22:36.046 TickProc Error #401 C0000005
11:22:36.140 TickProc Error #401 C0000005
11:22:36.156 TickProc Error #401 C0000005
11:22:36.218 TickProc Error #401 C0000005
11:22:36.250 TickProc Error #401 C0000005
11:22:36.312 TickProc Error #401 C0000005
11:22:36.359 TickProc Error #401 C0000005
11:22:36.421 TickProc Error #401 C0000005
11:22:36.453 TickProc Error #401 C0000005
11:22:36.546 TickProc Error #401 C0000005
11:22:36.656 TickProc Error #401 C0000005
11:22:37.750 TickProc Error #401 C0000005
11:22:37.859 TickProc Error #401 C0000005
11:22:37.875 TickProc Error #401 C0000005
11:22:37.953 TickProc Error #401 C0000005
11:22:37.046 TickProc Error #401 C0000005
11:22:37.156 TickProc Error #401 C0000005
11:22:37.203 TickProc Error #401 C0000005
11:22:37.250 TickProc Error #401 C0000005
11:22:37.281 TickProc Error #401 C0000005
11:22:37.359 TickProc Error #401 C0000005
11:22:37.375 TickProc Error #401 C0000005
11:22:38.031 TickProc Error #401 C0000005
11:22:38.046 TickProc Error #401 C0000005
11:22:38.156 TickProc Error #401 C0000005
11:22:38.187 TickProc Error #401 C0000005
11:22:38.250 TickProc Error #401 C0000005
11:22:38.359 TickProc Error #401 C0000005
11:22:38.453 TickProc Error #401 C0000005
11:22:38.546 TickProc Error #401 C0000005
11:22:38.656 TickProc Error #401 C0000005
11:22:39.750 TickProc Error #401 C0000005
11:22:39.781 TickProc Error #401 C0000005
11:22:39.843 TickProc Error #401 C0000005
11:22:39.859 TickProc Error #401 C0000005
11:22:46.812 TickProc Error #401 C0000005
11:22:46.859 TickProc Error #401 C0000005
11:22:46.953 TickProc Error #401 C0000005
11:22:46.046 TickProc Error #401 C0000005
11:22:46.156 TickProc Error #401 C0000005
11:22:46.250 TickProc Error #401 C0000005
11:22:46.375 TickProc Error #401 C0000005
11:22:48.453 TickProc Error #401 C0000005
11:22:48.546 TickProc Error #401 C0000005
11:22:49.546 TickProc Error #401 C0000005
11:22:49.656 TickProc Error #401 C0000005
11:22:50.750 TickProc Error #401 C0000005
11:22:50.859 TickProc Error #401 C0000005
11:22:50.953 TickProc Error #401 C0000005
11:22:50.046 TickProc Error #401 C0000005
11:22:50.156 TickProc Error #401 C0000005
11:22:50.250 TickProc Error #401 C0000005
11:22:52.046 TickProc Error #401 C0000005
11:22:52.156 TickProc Error #401 C0000005
11:22:52.250 TickProc Error #401 C0000005
11:22:52.343 TickProc Error #401 C0000005
11:22:52.359 TickProc Error #401 C0000005
11:22:52.453 TickProc Error #401 C0000005
11:22:52.546 TickProc Error #401 C0000005
11:22:52.656 TickProc Error #401 C0000005
11:22:53.750 TickProc Error #401 C0000005
11:22:53.859 TickProc Error #401 C0000005
11:22:53.953 TickProc Error #401 C0000005
11:22:53.046 TickProc Error #401 C0000005
11:22:55.812 TickProc Error #401 C0000005
11:22:58.187 TickProc Error #401 C0000005
11:22:58.250 TickProc Error #401 C0000005
11:22:58.359 TickProc Error #401 C0000005
11:22:58.453 TickProc Error #401 C0000005
11:32:39.203 TickProc Error #401 C0000005
11:32:39.250 TickProc Error #401 C0000005
11:32:39.359 TickProc Error #401 C0000005
11:32:39.453 TickProc Error #401 C0000005
11:32:39.546 TickProc Error #401 C0000005
11:32:39.656 TickProc Error #401 C0000005
11:32:40.750 TickProc Error #401 C0000005
11:32:40.781 TickProc Error #401 C0000005
11:32:40.859 TickProc Error #401 C0000005
11:32:55.453 TickProc Error #401 C0000005
11:32:55.515 TickProc Error #401 C0000005
11:32:55.546 TickProc Error #401 C0000005
11:32:55.656 TickProc Error #401 C0000005
11:32:56.750 TickProc Error #401 C0000005
11:32:56.843 TickProc Error #401 C0000005
11:32:56.859 TickProc Error #401 C0000005
11:32:56.921 TickProc Error #401 C0000005
11:32:56.953 TickProc Error #401 C0000005
11:32:57.265 TickProc Error #401 C0000005
11:32:57.359 TickProc Error #401 C0000005
11:32:57.453 TickProc Error #401 C0000005
11:32:57.546 TickProc Error #401 C0000005
11:32:57.671 TickProc Error #401 C0000005
11:32:58.750 TickProc Error #401 C0000005
11:32:58.812 TickProc Error #401 C0000005
11:32:58.859 TickProc Error #401 C0000005
11:32:58.953 TickProc Error #401 C0000005
11:32:58.000 TickProc Error #401 C0000005
11:32:58.046 TickProc Error #401 C0000005
11:32:58.156 TickProc Error #401 C0000005
11:32:58.187 TickProc Error #401 C0000005
11:32:58.250 TickProc Error #401 C0000005
11:32:58.375 TickProc Error #401 C0000005
11:32:58.437 TickProc Error #401 C0000005
11:32:58.453 TickProc Error #401 C0000005
11:32:58.546 TickProc Error #401 C0000005
11:32:58.578 TickProc Error #401 C0000005
11:32:58.656 TickProc Error #401 C0000005
11:54:20.859 TickProc Error #401 C0000005
11:54:20.953 TickProc Error #401 C0000005
11:54:20.046 TickProc Error #401 C0000005
11:54:20.156 TickProc Error #401 C0000005
11:54:20.250 TickProc Error #401 C0000005
11:54:20.359 TickProc Error #401 C0000005
11:54:20.453 TickProc Error #401 C0000005
11:54:20.468 TickProc Error #401 C0000005
11:54:20.546 TickProc Error #401 C0000005
11:54:20.562 TickProc Error #401 C0000005
11:54:20.640 TickProc Error #401 C0000005
11:54:20.656 TickProc Error #401 C0000005
11:54:21.750 TickProc Error #401 C0000005
11:54:21.859 TickProc Error #401 C0000005
11:54:21.953 TickProc Error #401 C0000005
11:54:21.046 TickProc Error #401 C0000005
11:54:21.156 TickProc Error #401 C0000005
11:54:21.187 TickProc Error #401 C0000005
11:54:21.250 TickProc Error #401 C0000005
11:54:21.281 TickProc Error #401 C0000005
11:54:21.359 TickProc Error #401 C0000005
11:54:21.453 TickProc Error #401 C0000005
11:54:21.531 TickProc Error #401 C0000005
11:54:21.546 TickProc Error #401 C0000005
11:54:21.625 TickProc Error #401 C0000005
11:54:21.656 TickProc Error #401 C0000005
11:54:22.750 TickProc Error #401 C0000005
11:54:22.859 TickProc Error #401 C0000005
11:54:22.953 TickProc Error #401 C0000005
11:54:22.968 TickProc Error #401 C0000005
11:54:22.046 TickProc Error #401 C0000005
11:54:22.062 TickProc Error #401 C0000005
11:54:22.656 TickProc Error #401 C0000005
11:54:23.718 TickProc Error #401 C0000005
11:54:23.750 TickProc Error #401 C0000005
11:54:23.859 TickProc Error #401 C0000005
11:54:23.953 TickProc Error #401 C0000005
11:54:23.046 TickProc Error #401 C0000005
11:54:23.156 TickProc Error #401 C0000005
11:54:23.250 TickProc Error #401 C0000005
11:54:23.359 TickProc Error #401 C0000005
11:54:23.453 TickProc Error #401 C0000005
11:54:23.546 TickProc Error #401 C0000005
11:54:26.156 TickProc Error #401 C0000005
11:54:26.250 TickProc Error #401 C0000005
11:54:26.359 TickProc Error #401 C0000005
11:54:26.453 TickProc Error #401 C0000005
11:54:26.546 TickProc Error #401 C0000005
11:54:26.656 TickProc Error #401 C0000005
11:54:27.750 TickProc Error #401 C0000005
11:54:27.843 TickProc Error #401 C0000005
11:54:27.859 TickProc Error #401 C0000005
11:54:28.750 TickProc Error #401 C0000005
11:54:28.859 TickProc Error #401 C0000005
11:54:28.953 TickProc Error #401 C0000005
11:54:28.046 TickProc Error #401 C0000005
11:54:28.156 TickProc Error #401 C0000005
11:54:28.250 TickProc Error #401 C0000005
11:54:28.359 TickProc Error #401 C0000005
11:54:28.375 TickProc Error #401 C0000005
11:54:28.453 TickProc Error #401 C0000005
11:54:28.468 TickProc Error #401 C0000005
11:54:28.546 TickProc Error #401 C0000005
11:54:28.640 TickProc Error #401 C0000005
11:54:28.656 TickProc Error #401 C0000005
11:54:29.734 TickProc Error #401 C0000005
11:54:29.750 TickProc Error #401 C0000005
11:54:29.812 TickProc Error #401 C0000005
11:54:29.859 TickProc Error #401 C0000005
11:54:29.906 TickProc Error #401 C0000005
11:54:29.953 TickProc Error #401 C0000005
20:03:10.265 TickProc Error #401 C0000005
20:03:10.359 TickProc Error #401 C0000005
20:03:10.468 TickProc Error #401 C0000005
20:03:10.562 TickProc Error #401 C0000005
20:03:10.671 TickProc Error #401 C0000005
20:03:10.765 TickProc Error #401 C0000005
20:03:10.859 TickProc Error #401 C0000005
20:03:10.968 TickProc Error #401 C0000005
20:03:10.062 TickProc Error #401 C0000005
20:03:10.171 TickProc Error #401 C0000005
20:03:11.671 TickProc Error #401 C0000005
20:03:11.765 TickProc Error #401 C0000005
20:03:11.859 TickProc Error #401 C0000005
20:03:11.968 TickProc Error #401 C0000005
20:03:11.062 TickProc Error #401 C0000005
20:03:11.109 TickProc Error #401 C0000005
20:03:11.171 TickProc Error #401 C0000005
20:03:11.203 TickProc Error #401 C0000005
20:03:12.265 TickProc Error #401 C0000005
20:03:12.281 TickProc Error #401 C0000005
20:03:12.359 TickProc Error #401 C0000005
20:03:12.375 TickProc Error #401 C0000005
20:03:12.453 TickProc Error #401 C0000005
20:03:12.468 TickProc Error #401 C0000005
20:03:12.562 TickProc Error #401 C0000005
20:03:12.593 TickProc Error #401 C0000005
20:03:12.640 TickProc Error #401 C0000005
20:03:12.671 TickProc Error #401 C0000005
20:03:12.718 TickProc Error #401 C0000005
20:03:12.765 TickProc Error #401 C0000005
20:03:12.812 TickProc Error #401 C0000005
20:03:12.859 TickProc Error #401 C0000005
20:03:12.968 TickProc Error #401 C0000005
20:03:12.062 TickProc Error #401 C0000005
20:03:12.171 TickProc Error #401 C0000005
20:03:12.187 TickProc Error #401 C0000005
20:03:13.265 TickProc Error #401 C0000005
20:03:13.281 TickProc Error #401 C0000005
20:03:13.359 TickProc Error #401 C0000005
20:03:13.375 TickProc Error #401 C0000005
20:03:13.468 TickProc Error #401 C0000005
20:03:13.484 TickProc Error #401 C0000005
20:03:13.562 TickProc Error #401 C0000005
20:03:13.671 TickProc Error #401 C0000005
20:03:13.765 TickProc Error #401 C0000005
20:03:13.859 TickProc Error #401 C0000005
20:03:13.906 TickProc Error #401 C0000005
20:03:13.984 TickProc Error #401 C0000005
20:03:13.015 TickProc Error #401 C0000005
20:03:13.062 TickProc Error #401 C0000005
20:03:13.093 TickProc Error #401 C0000005
20:03:13.171 TickProc Error #401 C0000005
20:03:13.187 TickProc Error #401 C0000005
20:03:14.265 TickProc Error #401 C0000005
20:03:14.359 TickProc Error #401 C0000005
20:03:14.468 TickProc Error #401 C0000005
20:03:14.562 TickProc Error #401 C0000005
20:03:14.671 TickProc Error #401 C0000005
20:03:14.718 TickProc Error #401 C0000005
20:03:14.765 TickProc Error #401 C0000005
20:03:14.812 TickProc Error #401 C0000005
20:03:14.859 TickProc Error #401 C0000005
20:03:19.203 TickProc Error #401 C0000005
20:03:20.265 TickProc Error #401 C0000005
20:03:20.359 TickProc Error #401 C0000005
20:03:20.468 TickProc Error #401 C0000005
20:03:20.562 TickProc Error #401 C0000005
20:03:20.687 TickProc Error #401 C0000005
20:03:20.765 TickProc Error #401 C0000005
20:03:20.812 TickProc Error #401 C0000005
20:03:20.859 TickProc Error #401 C0000005
20:03:20.906 TickProc Error #401 C0000005
20:03:20.968 TickProc Error #401 C0000005
20:03:20.984 TickProc Error #401 C0000005
20:03:20.062 TickProc Error #401 C0000005
20:03:20.078 TickProc Error #401 C0000005
20:03:22.359 TickProc Error #401 C0000005
20:03:22.468 TickProc Error #401 C0000005
20:03:22.562 TickProc Error #401 C0000005
20:03:22.687 TickProc Error #401 C0000005
20:03:22.765 TickProc Error #401 C0000005
20:03:22.859 TickProc Error #401 C0000005
20:03:22.921 TickProc Error #401 C0000005
20:03:22.968 TickProc Error #401 C0000005
20:03:22.015 TickProc Error #401 C0000005
20:03:22.062 TickProc Error #401 C0000005
20:03:22.093 TickProc Error #401 C0000005
20:03:23.000 TickProc Error #401 C0000005
20:03:23.062 TickProc Error #401 C0000005
20:03:23.171 TickProc Error #401 C0000005
20:03:24.265 TickProc Error #401 C0000005
20:03:24.359 TickProc Error #401 C0000005
20:03:24.468 TickProc Error #401 C0000005
20:03:24.562 TickProc Error #401 C0000005
20:03:24.671 TickProc Error #401 C0000005
20:03:24.687 TickProc Error #401 C0000005
20:03:24.765 TickProc Error #401 C0000005
20:03:24.781 TickProc Error #401 C0000005
20:03:25.609 TickProc Error #401 C0000005
20:03:25.671 TickProc Error #401 C0000005
20:03:25.765 TickProc Error #401 C0000005
20:03:25.859 TickProc Error #401 C0000005
20:03:25.984 TickProc Error #401 C0000005
20:03:25.062 TickProc Error #401 C0000005
20:03:25.171 TickProc Error #401 C0000005
20:03:26.218 TickProc Error #401 C0000005
20:03:26.265 TickProc Error #401 C0000005
20:03:26.296 TickProc Error #401 C0000005
20:03:26.359 TickProc Error #401 C0000005
20:03:27.515 TickProc Error #401 C0000005
20:03:27.562 TickProc Error #401 C0000005
20:03:27.671 TickProc Error #401 C0000005
20:03:27.765 TickProc Error #401 C0000005
20:03:27.859 TickProc Error #401 C0000005
20:03:27.968 TickProc Error #401 C0000005
20:03:27.062 TickProc Error #401 C0000005
20:03:27.171 TickProc Error #401 C0000005
20:03:28.265 TickProc Error #401 C0000005
20:03:28.359 TickProc Error #401 C0000005
20:03:28.468 TickProc Error #401 C0000005
20:03:28.562 TickProc Error #401 C0000005
20:03:28.593 TickProc Error #401 C0000005
20:03:28.671 TickProc Error #401 C0000005
20:03:28.765 TickProc Error #401 C0000005
20:03:28.843 TickProc Error #401 C0000005
20:03:28.859 TickProc Error #401 C0000005
20:03:28.968 TickProc Error #401 C0000005
20:03:29.515 TickProc Error #401 C0000005
20:03:29.562 TickProc Error #401 C0000005
20:03:29.671 TickProc Error #401 C0000005
20:03:29.765 TickProc Error #401 C0000005
20:03:29.859 TickProc Error #401 C0000005
20:03:29.984 TickProc Error #401 C0000005
20:03:29.015 TickProc Error #401 C0000005
20:03:29.062 TickProc Error #401 C0000005
20:03:29.171 TickProc Error #401 C0000005
20:03:29.203 TickProc Error #401 C0000005
20:03:30.265 TickProc Error #401 C0000005
20:03:30.359 TickProc Error #401 C0000005
20:03:30.421 TickProc Error #401 C0000005
20:03:30.468 TickProc Error #401 C0000005
20:03:30.562 TickProc Error #401 C0000005
20:03:30.671 TickProc Error #401 C0000005
20:03:30.718 TickProc Error #401 C0000005
20:03:30.765 TickProc Error #401 C0000005
20:03:30.859 TickProc Error #401 C0000005
20:03:30.937 TickProc Error #401 C0000005
20:03:30.968 TickProc Error #401 C0000005
20:03:30.062 TickProc Error #401 C0000005
20:03:30.171 TickProc Error #401 C0000005
20:03:30.203 TickProc Error #401 C0000005
20:03:31.265 TickProc Error #401 C0000005
20:03:34.671 TickProc Error #401 C0000005
20:03:34.765 TickProc Error #401 C0000005
20:03:34.859 TickProc Error #401 C0000005
20:03:34.953 TickProc Error #401 C0000005
20:03:34.968 TickProc Error #401 C0000005
20:03:34.031 TickProc Error #401 C0000005
20:03:34.062 TickProc Error #401 C0000005
20:03:34.109 TickProc Error #401 C0000005
20:03:34.171 TickProc Error #401 C0000005
20:03:34.203 TickProc Error #401 C0000005
20:03:35.265 TickProc Error #401 C0000005
20:03:35.281 TickProc Error #401 C0000005
20:03:35.359 TickProc Error #401 C0000005
20:03:35.390 TickProc Error #401 C0000005
20:03:35.468 TickProc Error #401 C0000005
20:03:35.562 TickProc Error #401 C0000005
20:03:35.671 TickProc Error #401 C0000005
20:03:35.765 TickProc Error #401 C0000005
20:03:35.796 TickProc Error #401 C0000005
20:03:35.859 TickProc Error #401 C0000005
20:03:37.031 TickProc Error #401 C0000005
20:03:37.062 TickProc Error #401 C0000005
20:03:37.171 TickProc Error #401 C0000005
20:03:38.265 TickProc Error #401 C0000005
20:03:38.359 TickProc Error #401 C0000005
20:03:38.468 TickProc Error #401 C0000005
20:03:38.562 TickProc Error #401 C0000005
20:03:38.609 TickProc Error #401 C0000005
20:03:38.671 TickProc Error #401 C0000005
20:03:38.703 TickProc Error #401 C0000005
20:03:38.765 TickProc Error #401 C0000005
20:03:38.796 TickProc Error #401 C0000005
20:03:38.859 TickProc Error #401 C0000005
20:03:38.875 TickProc Error #401 C0000005
20:03:38.968 TickProc Error #401 C0000005
20:03:38.015 TickProc Error #401 C0000005
20:03:38.062 TickProc Error #401 C0000005
20:03:38.140 TickProc Error #401 C0000005
20:03:38.171 TickProc Error #401 C0000005
20:03:39.265 TickProc Error #401 C0000005
20:03:39.296 TickProc Error #401 C0000005
20:03:39.359 TickProc Error #401 C0000005
20:03:39.718 TickProc Error #401 C0000005
20:03:39.765 TickProc Error #401 C0000005
20:03:39.859 TickProc Error #401 C0000005
20:03:39.968 TickProc Error #401 C0000005
20:03:39.062 TickProc Error #401 C0000005
20:03:39.171 TickProc Error #401 C0000005
20:03:40.218 TickProc Error #401 C0000005
20:03:40.265 TickProc Error #401 C0000005
20:03:40.359 TickProc Error #401 C0000005
20:03:40.468 TickProc Error #401 C0000005
20:03:40.562 TickProc Error #401 C0000005
20:03:40.593 TickProc Error #401 C0000005
20:03:40.671 TickProc Error #401 C0000005
20:03:40.687 TickProc Error #401 C0000005
20:03:40.765 TickProc Error #401 C0000005
20:03:40.781 TickProc Error #401 C0000005
20:03:40.859 TickProc Error #401 C0000005
20:03:40.953 TickProc Error #401 C0000005
20:03:40.968 TickProc Error #401 C0000005
20:03:40.046 TickProc Error #401 C0000005
20:03:40.062 TickProc Error #401 C0000005
20:03:40.125 TickProc Error #401 C0000005
20:03:40.171 TickProc Error #401 C0000005
20:03:40.203 TickProc Error #401 C0000005
20:03:41.265 TickProc Error #401 C0000005
20:03:41.359 TickProc Error #401 C0000005
20:03:41.468 TickProc Error #401 C0000005
20:03:41.562 TickProc Error #401 C0000005
20:03:41.671 TickProc Error #401 C0000005
20:03:41.765 TickProc Error #401 C0000005
20:03:41.828 TickProc Error #401 C0000005
20:03:41.859 TickProc Error #401 C0000005
20:03:41.906 TickProc Error #401 C0000005
20:03:41.968 TickProc Error #401 C0000005
20:03:41.031 TickProc Error #401 C0000005
20:03:41.062 TickProc Error #401 C0000005
20:03:41.125 TickProc Error #401 C0000005
20:03:41.171 TickProc Error #401 C0000005
20:03:41.203 TickProc Error #401 C0000005
20:03:42.265 TickProc Error #401 C0000005
20:03:42.296 TickProc Error #401 C0000005
20:03:42.359 TickProc Error #401 C0000005
20:03:42.468 TickProc Error #401 C0000005
20:03:42.546 TickProc Error #401 C0000005
20:03:42.562 TickProc Error #401 C0000005
20:03:42.640 TickProc Error #401 C0000005
20:03:42.671 TickProc Error #401 C0000005
20:03:42.734 TickProc Error #401 C0000005
20:03:42.765 TickProc Error #401 C0000005
20:03:42.828 TickProc Error #401 C0000005
20:03:42.859 TickProc Error #401 C0000005
20:03:42.906 TickProc Error #401 C0000005
20:03:42.968 TickProc Error #401 C0000005
20:03:42.000 TickProc Error #401 C0000005
20:03:42.062 TickProc Error #401 C0000005
20:03:42.093 TickProc Error #401 C0000005
20:03:42.171 TickProc Error #401 C0000005
20:03:43.250 TickProc Error #401 C0000005
20:03:43.265 TickProc Error #401 C0000005
20:03:43.359 TickProc Error #401 C0000005
20:03:43.468 TickProc Error #401 C0000005
20:03:43.562 TickProc Error #401 C0000005
20:03:43.671 TickProc Error #401 C0000005
20:03:44.562 TickProc Error #401 C0000005
20:03:44.687 TickProc Error #401 C0000005
20:03:44.765 TickProc Error #401 C0000005
20:03:44.859 TickProc Error #401 C0000005
20:03:44.968 TickProc Error #401 C0000005
20:03:44.062 TickProc Error #401 C0000005
20:03:44.093 TickProc Error #401 C0000005
20:03:44.171 TickProc Error #401 C0000005
20:03:56.687 TickProc Error #401 C0000005
20:03:56.765 TickProc Error #401 C0000005
20:03:56.859 TickProc Error #401 C0000005
20:03:56.968 TickProc Error #401 C0000005
20:03:56.062 TickProc Error #401 C0000005
20:03:56.171 TickProc Error #401 C0000005
20:03:57.265 TickProc Error #401 C0000005
20:03:57.375 TickProc Error #401 C0000005
20:03:57.453 TickProc Error #401 C0000005
20:03:57.468 TickProc Error #401 C0000005
20:03:57.562 TickProc Error #401 C0000005
20:03:57.656 TickProc Error #401 C0000005
20:03:57.671 TickProc Error #401 C0000005
20:03:58.171 TickProc Error #401 C0000005
20:03:59.265 TickProc Error #401 C0000005
22:12:34.906 TickProc Error #401 C0000005
22:12:34.000 TickProc Error #401 C0000005
22:12:34.125 TickProc Error #401 C0000005
22:12:35.218 TickProc Error #401 C0000005
22:12:35.328 TickProc Error #401 C0000005
22:12:35.421 TickProc Error #401 C0000005
22:12:35.515 TickProc Error #401 C0000005
22:12:35.546 TickProc Error #401 C0000005
22:12:35.609 TickProc Error #401 C0000005
22:12:35.703 TickProc Error #401 C0000005
22:12:35.828 TickProc Error #401 C0000005
22:12:35.921 TickProc Error #401 C0000005
22:12:35.031 TickProc Error #401 C0000005
22:12:35.125 TickProc Error #401 C0000005
22:12:36.218 TickProc Error #401 C0000005
22:12:36.281 TickProc Error #401 C0000005
22:12:36.312 TickProc Error #401 C0000005
22:12:36.375 TickProc Error #401 C0000005
22:12:36.406 TickProc Error #401 C0000005
22:12:36.468 TickProc Error #401 C0000005
22:12:36.500 TickProc Error #401 C0000005
22:12:36.562 TickProc Error #401 C0000005
22:12:36.625 TickProc Error #401 C0000005
22:12:36.671 TickProc Error #401 C0000005
22:12:36.703 TickProc Error #401 C0000005
22:12:36.734 TickProc Error #401 C0000005
22:12:36.828 TickProc Error #401 C0000005
22:12:36.921 TickProc Error #401 C0000005
22:12:36.984 TickProc Error #401 C0000005
22:12:36.015 TickProc Error #401 C0000005
22:12:36.109 TickProc Error #401 C0000005
22:12:36.203 TickProc Error #401 C0000005
22:12:37.343 TickProc Error #401 C0000005
22:12:37.406 TickProc Error #401 C0000005
22:12:37.500 TickProc Error #401 C0000005
22:12:37.562 TickProc Error #401 C0000005
22:12:37.625 TickProc Error #401 C0000005
22:12:37.718 TickProc Error #401 C0000005
22:12:37.812 TickProc Error #401 C0000005
22:12:37.875 TickProc Error #401 C0000005
22:12:37.906 TickProc Error #401 C0000005
22:12:37.984 TickProc Error #401 C0000005
22:12:37.015 TickProc Error #401 C0000005
22:12:37.078 TickProc Error #401 C0000005
22:12:37.109 TickProc Error #401 C0000005
22:12:37.171 TickProc Error #401 C0000005
22:12:37.203 TickProc Error #401 C0000005
22:12:38.421 TickProc Error #401 C0000005
22:12:38.515 TickProc Error #401 C0000005
22:12:38.609 TickProc Error #401 C0000005
22:12:38.718 TickProc Error #401 C0000005
22:12:38.812 TickProc Error #401 C0000005
22:12:38.906 TickProc Error #401 C0000005
22:12:38.000 TickProc Error #401 C0000005
22:12:38.031 TickProc Error #401 C0000005
22:12:38.093 TickProc Error #401 C0000005
22:12:38.125 TickProc Error #401 C0000005
22:12:38.187 TickProc Error #401 C0000005
22:12:39.218 TickProc Error #401 C0000005
22:12:39.328 TickProc Error #401 C0000005
22:12:39.421 TickProc Error #401 C0000005
22:12:39.515 TickProc Error #401 C0000005
22:12:39.546 TickProc Error #401 C0000005
22:12:39.609 TickProc Error #401 C0000005
22:12:39.703 TickProc Error #401 C0000005
22:12:39.734 TickProc Error #401 C0000005
22:12:39.828 TickProc Error #401 C0000005
22:12:39.890 TickProc Error #401 C0000005
22:12:39.921 TickProc Error #401 C0000005
22:12:39.000 TickProc Error #401 C0000005
22:12:39.093 TickProc Error #401 C0000005
22:12:39.125 TickProc Error #401 C0000005
22:12:42.421 TickProc Error #401 C0000005
22:12:42.484 TickProc Error #401 C0000005
22:12:42.515 TickProc Error #401 C0000005
22:12:42.609 TickProc Error #401 C0000005
22:12:42.718 TickProc Error #401 C0000005
22:12:42.812 TickProc Error #401 C0000005
22:12:42.906 TickProc Error #401 C0000005
22:12:42.937 TickProc Error #401 C0000005
22:12:43.609 TickProc Error #401 C0000005
22:12:43.703 TickProc Error #401 C0000005
22:12:43.828 TickProc Error #401 C0000005
22:12:43.921 TickProc Error #401 C0000005
22:12:43.031 TickProc Error #401 C0000005
22:12:47.828 TickProc Error #401 C0000005
22:12:47.859 TickProc Error #401 C0000005
22:12:47.921 TickProc Error #401 C0000005
22:12:47.000 TickProc Error #401 C0000005
22:12:47.125 TickProc Error #401 C0000005
22:12:48.218 TickProc Error #401 C0000005
22:12:48.312 TickProc Error #401 C0000005
22:12:48.406 TickProc Error #401 C0000005
22:12:48.500 TickProc Error #401 C0000005
22:12:48.625 TickProc Error #401 C0000005
22:12:48.703 TickProc Error #401 C0000005
22:12:48.828 TickProc Error #401 C0000005
22:12:48.921 TickProc Error #401 C0000005
22:12:48.015 TickProc Error #401 C0000005
22:12:48.109 TickProc Error #401 C0000005
22:12:48.203 TickProc Error #401 C0000005
22:12:49.312 TickProc Error #401 C0000005
22:12:49.406 TickProc Error #401 C0000005
22:12:49.500 TickProc Error #401 C0000005
22:12:49.625 TickProc Error #401 C0000005
22:12:49.718 TickProc Error #401 C0000005
22:12:49.812 TickProc Error #401 C0000005
22:12:49.906 TickProc Error #401 C0000005
22:12:49.015 TickProc Error #401 C0000005
22:12:49.109 TickProc Error #401 C0000005
22:12:49.203 TickProc Error #401 C0000005
22:12:50.312 TickProc Error #401 C0000005
22:12:50.421 TickProc Error #401 C0000005
22:12:50.515 TickProc Error #401 C0000005
22:12:50.546 TickProc Error #401 C0000005
22:12:50.609 TickProc Error #401 C0000005
22:12:50.687 TickProc Error #401 C0000005
22:12:50.718 TickProc Error #401 C0000005
22:12:50.781 TickProc Error #401 C0000005
22:12:50.812 TickProc Error #401 C0000005
22:12:50.875 TickProc Error #401 C0000005
22:12:50.906 TickProc Error #401 C0000005
22:12:50.000 TickProc Error #401 C0000005
22:12:50.125 TickProc Error #401 C0000005
22:12:52.703 TickProc Error #401 C0000005
22:12:52.828 TickProc Error #401 C0000005
22:12:52.921 TickProc Error #401 C0000005
22:12:52.015 TickProc Error #401 C0000005
22:12:52.078 TickProc Error #401 C0000005
22:12:52.109 TickProc Error #401 C0000005
22:12:52.203 TickProc Error #401 C0000005
22:12:53.312 TickProc Error #401 C0000005
22:12:53.375 TickProc Error #401 C0000005
22:12:54.906 TickProc Error #401 C0000005
22:12:54.000 TickProc Error #401 C0000005
22:12:54.125 TickProc Error #401 C0000005
22:12:56.703 TickProc Error #401 C0000005
22:12:56.828 TickProc Error #401 C0000005
22:12:56.921 TickProc Error #401 C0000005
22:12:56.015 TickProc Error #401 C0000005
22:12:56.078 TickProc Error #401 C0000005
22:12:56.109 TickProc Error #401 C0000005
22:12:56.171 TickProc Error #401 C0000005
22:12:56.203 TickProc Error #401 C0000005
22:12:57.265 TickProc Error #401 C0000005
22:12:57.343 TickProc Error #401 C0000005
22:12:57.406 TickProc Error #401 C0000005
22:12:57.500 TickProc Error #401 C0000005
22:12:57.625 TickProc Error #401 C0000005
22:12:57.718 TickProc Error #401 C0000005
22:12:57.812 TickProc Error #401 C0000005
22:12:57.906 TickProc Error #401 C0000005
22:12:57.015 TickProc Error #401 C0000005
22:12:57.109 TickProc Error #401 C0000005
22:12:57.203 TickProc Error #401 C0000005
22:12:58.328 TickProc Error #401 C0000005
22:12:58.421 TickProc Error #401 C0000005
22:12:58.453 TickProc Error #401 C0000005
22:12:58.515 TickProc Error #401 C0000005
22:12:58.609 TickProc Error #401 C0000005
22:12:58.718 TickProc Error #401 C0000005
22:12:58.812 TickProc Error #401 C0000005
22:12:58.906 TickProc Error #401 C0000005
22:12:58.000 TickProc Error #401 C0000005
22:12:58.125 TickProc Error #401 C0000005
22:12:59.218 TickProc Error #401 C0000005
22:12:59.328 TickProc Error #401 C0000005
22:12:59.421 TickProc Error #401 C0000005
22:12:59.515 TickProc Error #401 C0000005
22:12:59.578 TickProc Error #401 C0000005
22:12:59.609 TickProc Error #401 C0000005
22:12:59.703 TickProc Error #401 C0000005
22:12:59.828 TickProc Error #401 C0000005
22:12:59.921 TickProc Error #401 C0000005
22:12:59.000 TickProc Error #401 C0000005
22:12:59.125 TickProc Error #401 C0000005
22:13:00.218 TickProc Error #401 C0000005
22:13:00.312 TickProc Error #401 C0000005
22:13:00.406 TickProc Error #401 C0000005
22:13:00.500 TickProc Error #401 C0000005
22:13:00.625 TickProc Error #401 C0000005
22:13:00.703 TickProc Error #401 C0000005
22:13:00.828 TickProc Error #401 C0000005
22:13:00.921 TickProc Error #401 C0000005
22:13:00.015 TickProc Error #401 C0000005
22:13:00.109 TickProc Error #401 C0000005
22:13:00.203 TickProc Error #401 C0000005
22:13:01.234 TickProc Error #401 C0000005
22:13:02.812 TickProc Error #401 C0000005
22:13:02.906 TickProc Error #401 C0000005
22:13:02.000 TickProc Error #401 C0000005
22:13:02.031 TickProc Error #401 C0000005
22:13:02.125 TickProc Error #401 C0000005
22:13:02.187 TickProc Error #401 C0000005
22:13:03.218 TickProc Error #401 C0000005
22:13:03.328 TickProc Error #401 C0000005
22:13:03.421 TickProc Error #401 C0000005
22:13:03.515 TickProc Error #401 C0000005
22:13:03.609 TickProc Error #401 C0000005
22:13:03.671 TickProc Error #401 C0000005
22:13:03.703 TickProc Error #401 C0000005
22:13:03.765 TickProc Error #401 C0000005
22:13:03.828 TickProc Error #401 C0000005
22:13:03.859 TickProc Error #401 C0000005
22:13:03.921 TickProc Error #401 C0000005
22:13:03.000 TickProc Error #401 C0000005
22:13:03.031 TickProc Error #401 C0000005
22:13:03.125 TickProc Error #401 C0000005
22:13:03.187 TickProc Error #401 C0000005
22:13:04.218 TickProc Error #401 C0000005
22:13:04.281 TickProc Error #401 C0000005
22:13:04.312 TickProc Error #401 C0000005
22:13:04.406 TickProc Error #401 C0000005
22:13:04.500 TickProc Error #401 C0000005
22:13:04.625 TickProc Error #401 C0000005
22:13:04.703 TickProc Error #401 C0000005
22:13:04.734 TickProc Error #401 C0000005
22:13:04.796 TickProc Error #401 C0000005
22:13:04.828 TickProc Error #401 C0000005
22:13:04.890 TickProc Error #401 C0000005
22:13:04.921 TickProc Error #401 C0000005
22:13:04.984 TickProc Error #401 C0000005
22:13:04.015 TickProc Error #401 C0000005
22:13:06.328 TickProc Error #401 C0000005
22:13:06.421 TickProc Error #401 C0000005
22:13:06.515 TickProc Error #401 C0000005
22:13:06.609 TickProc Error #401 C0000005
22:13:06.718 TickProc Error #401 C0000005
22:13:06.812 TickProc Error #401 C0000005
22:13:06.906 TickProc Error #401 C0000005
22:13:06.000 TickProc Error #401 C0000005
22:13:31.890 TickProc Error #401 C0000005
22:13:31.921 TickProc Error #401 C0000005
22:13:31.000 TickProc Error #401 C0000005
22:13:31.125 TickProc Error #401 C0000005
22:13:32.218 TickProc Error #401 C0000005
22:13:32.312 TickProc Error #401 C0000005
22:13:32.406 TickProc Error #401 C0000005
22:13:32.500 TickProc Error #401 C0000005
22:13:32.531 TickProc Error #401 C0000005
22:13:32.625 TickProc Error #401 C0000005
22:13:32.703 TickProc Error #401 C0000005
22:13:32.734 TickProc Error #401 C0000005
22:13:32.796 TickProc Error #401 C0000005
22:13:32.828 TickProc Error #401 C0000005
22:13:32.890 TickProc Error #401 C0000005
22:13:32.921 TickProc Error #401 C0000005
22:13:32.984 TickProc Error #401 C0000005
22:13:32.015 TickProc Error #401 C0000005
22:13:32.046 TickProc Error #401 C0000005
22:13:32.109 TickProc Error #401 C0000005
22:13:33.203 TickProc Error #401 C0000005
22:13:34.328 TickProc Error #401 C0000005
22:13:34.421 TickProc Error #401 C0000005
22:13:34.515 TickProc Error #401 C0000005
22:13:34.609 TickProc Error #401 C0000005
22:13:34.718 TickProc Error #401 C0000005
22:13:34.812 TickProc Error #401 C0000005
22:13:34.906 TickProc Error #401 C0000005
22:13:34.000 TickProc Error #401 C0000005
22:13:34.031 TickProc Error #401 C0000005
22:13:34.125 TickProc Error #401 C0000005
22:13:35.218 TickProc Error #401 C0000005
22:13:35.328 TickProc Error #401 C0000005
22:13:35.421 TickProc Error #401 C0000005
22:13:35.484 TickProc Error #401 C0000005
13:01:42.937 TickProc Error #401 C0000005
13:01:42.968 TickProc Error #401 C0000005
13:01:42.062 TickProc Error #401 C0000005
13:01:42.187 TickProc Error #401 C0000005
13:01:43.281 TickProc Error #401 C0000005
13:01:43.390 TickProc Error #401 C0000005
13:01:43.484 TickProc Error #401 C0000005
13:01:43.546 TickProc Error #401 C0000005
13:01:43.578 TickProc Error #401 C0000005
13:01:43.890 TickProc Error #401 C0000005
13:01:43.000 TickProc Error #401 C0000005
13:01:43.062 TickProc Error #401 C0000005
13:01:43.187 TickProc Error #401 C0000005
13:01:44.281 TickProc Error #401 C0000005
13:01:44.375 TickProc Error #401 C0000005
13:01:44.437 TickProc Error #401 C0000005
13:01:44.468 TickProc Error #401 C0000005
13:01:44.531 TickProc Error #401 C0000005
13:01:44.562 TickProc Error #401 C0000005
13:01:44.609 TickProc Error #401 C0000005
13:01:44.671 TickProc Error #401 C0000005
13:01:44.703 TickProc Error #401 C0000005
13:01:44.765 TickProc Error #401 C0000005
13:01:44.890 TickProc Error #401 C0000005
13:01:44.984 TickProc Error #401 C0000005
13:01:44.078 TickProc Error #401 C0000005
13:01:44.171 TickProc Error #401 C0000005
13:01:45.265 TickProc Error #401 C0000005
13:01:45.312 TickProc Error #401 C0000005
13:01:45.375 TickProc Error #401 C0000005
13:01:45.406 TickProc Error #401 C0000005
13:01:45.468 TickProc Error #401 C0000005
13:01:45.562 TickProc Error #401 C0000005
13:01:45.656 TickProc Error #401 C0000005
13:01:45.687 TickProc Error #401 C0000005
13:01:45.750 TickProc Error #401 C0000005
13:01:45.781 TickProc Error #401 C0000005
13:01:45.843 TickProc Error #401 C0000005
13:01:45.875 TickProc Error #401 C0000005
13:01:45.906 TickProc Error #401 C0000005
13:01:45.984 TickProc Error #401 C0000005
13:01:45.078 TickProc Error #401 C0000005
13:01:45.171 TickProc Error #401 C0000005
13:01:46.265 TickProc Error #401 C0000005
13:01:46.296 TickProc Error #401 C0000005
13:01:46.390 TickProc Error #401 C0000005
13:01:46.484 TickProc Error #401 C0000005
13:01:46.578 TickProc Error #401 C0000005
13:01:46.687 TickProc Error #401 C0000005
13:01:46.750 TickProc Error #401 C0000005
13:01:46.781 TickProc Error #401 C0000005
13:01:46.875 TickProc Error #401 C0000005
13:01:46.968 TickProc Error #401 C0000005
13:01:46.062 TickProc Error #401 C0000005
13:01:46.156 TickProc Error #401 C0000005
13:01:46.187 TickProc Error #401 C0000005
13:01:47.281 TickProc Error #401 C0000005
13:01:47.390 TickProc Error #401 C0000005
13:01:47.453 TickProc Error #401 C0000005
13:01:47.484 TickProc Error #401 C0000005
13:01:47.546 TickProc Error #401 C0000005
13:01:47.578 TickProc Error #401 C0000005
13:01:47.640 TickProc Error #401 C0000005
13:01:47.671 TickProc Error #401 C0000005
13:01:47.062 TickProc Error #401 C0000005
13:01:48.375 TickProc Error #401 C0000005
13:01:48.468 TickProc Error #401 C0000005
13:01:48.765 TickProc Error #401 C0000005
13:01:48.078 TickProc Error #401 C0000005
13:01:48.140 TickProc Error #401 C0000005
13:01:48.171 TickProc Error #401 C0000005
13:01:49.265 TickProc Error #401 C0000005
13:01:49.375 TickProc Error #401 C0000005
13:01:49.468 TickProc Error #401 C0000005
13:01:49.562 TickProc Error #401 C0000005
13:01:49.687 TickProc Error #401 C0000005
13:01:49.718 TickProc Error #401 C0000005
13:01:49.781 TickProc Error #401 C0000005
13:01:49.812 TickProc Error #401 C0000005
13:01:49.140 TickProc Error #401 C0000005
13:01:49.171 TickProc Error #401 C0000005
13:01:50.265 TickProc Error #401 C0000005
13:01:50.390 TickProc Error #401 C0000005
13:01:50.484 TickProc Error #401 C0000005
13:01:50.578 TickProc Error #401 C0000005
13:01:50.656 TickProc Error #401 C0000005
13:01:50.687 TickProc Error #401 C0000005
13:01:50.781 TickProc Error #401 C0000005
13:01:50.875 TickProc Error #401 C0000005
13:01:50.968 TickProc Error #401 C0000005
13:01:50.062 TickProc Error #401 C0000005
13:01:50.093 TickProc Error #401 C0000005
13:01:50.156 TickProc Error #401 C0000005
13:01:50.187 TickProc Error #401 C0000005
13:01:51.250 TickProc Error #401 C0000005
13:01:51.296 TickProc Error #401 C0000005
13:01:51.359 TickProc Error #401 C0000005
13:01:51.390 TickProc Error #401 C0000005
13:01:51.453 TickProc Error #401 C0000005
13:01:51.484 TickProc Error #401 C0000005
13:01:51.578 TickProc Error #401 C0000005
13:01:51.640 TickProc Error #401 C0000005
13:01:51.671 TickProc Error #401 C0000005
13:01:51.000 TickProc Error #401 C0000005
13:01:51.062 TickProc Error #401 C0000005
13:01:51.187 TickProc Error #401 C0000005
13:01:52.281 TickProc Error #401 C0000005
13:01:52.375 TickProc Error #401 C0000005
13:01:52.468 TickProc Error #401 C0000005
13:01:52.531 TickProc Error #401 C0000005
13:01:52.562 TickProc Error #401 C0000005
13:01:52.640 TickProc Error #401 C0000005
13:01:52.671 TickProc Error #401 C0000005
13:01:52.765 TickProc Error #401 C0000005
13:01:52.890 TickProc Error #401 C0000005
13:01:52.984 TickProc Error #401 C0000005
13:01:52.015 TickProc Error #401 C0000005
13:01:52.078 TickProc Error #401 C0000005
13:01:52.109 TickProc Error #401 C0000005
13:01:52.171 TickProc Error #401 C0000005
13:01:53.265 TickProc Error #401 C0000005
13:01:56.671 TickProc Error #401 C0000005
13:01:56.765 TickProc Error #401 C0000005
13:01:56.890 TickProc Error #401 C0000005
13:01:56.953 TickProc Error #401 C0000005
13:01:56.984 TickProc Error #401 C0000005
13:01:56.046 TickProc Error #401 C0000005
13:01:56.078 TickProc Error #401 C0000005
13:01:57.843 TickProc Error #401 C0000005
13:01:57.875 TickProc Error #401 C0000005
13:01:57.984 TickProc Error #401 C0000005
13:01:57.078 TickProc Error #401 C0000005
13:01:57.171 TickProc Error #401 C0000005
13:01:58.265 TickProc Error #401 C0000005
13:01:58.390 TickProc Error #401 C0000005
13:01:58.453 TickProc Error #401 C0000005
13:01:58.484 TickProc Error #401 C0000005
13:01:58.515 TickProc Error #401 C0000005
13:01:58.578 TickProc Error #401 C0000005
13:01:58.609 TickProc Error #401 C0000005
13:01:58.687 TickProc Error #401 C0000005
13:01:58.187 TickProc Error #401 C0000005
13:01:59.250 TickProc Error #401 C0000005
13:01:59.281 TickProc Error #401 C0000005
13:01:59.390 TickProc Error #401 C0000005
13:01:59.484 TickProc Error #401 C0000005
13:01:59.578 TickProc Error #401 C0000005
13:01:59.671 TickProc Error #401 C0000005
13:01:59.765 TickProc Error #401 C0000005
13:01:59.828 TickProc Error #401 C0000005
13:01:59.890 TickProc Error #401 C0000005
13:01:59.921 TickProc Error #401 C0000005
13:01:59.968 TickProc Error #401 C0000005
13:01:59.984 TickProc Error #401 C0000005
13:01:59.062 TickProc Error #401 C0000005
13:01:59.093 TickProc Error #401 C0000005
13:01:59.187 TickProc Error #401 C0000005
13:02:00.671 TickProc Error #401 C0000005
13:02:00.765 TickProc Error #401 C0000005
13:02:00.890 TickProc Error #401 C0000005
13:02:00.984 TickProc Error #401 C0000005
13:02:00.078 TickProc Error #401 C0000005
13:02:00.171 TickProc Error #401 C0000005
13:02:01.234 TickProc Error #401 C0000005
13:02:01.265 TickProc Error #401 C0000005
13:02:01.343 TickProc Error #401 C0000005
13:02:01.375 TickProc Error #401 C0000005
13:02:03.765 TickProc Error #401 C0000005
13:02:03.890 TickProc Error #401 C0000005
13:02:03.968 TickProc Error #401 C0000005
13:02:03.062 TickProc Error #401 C0000005
13:02:03.187 TickProc Error #401 C0000005
13:02:04.281 TickProc Error #401 C0000005
13:02:04.375 TickProc Error #401 C0000005
13:02:04.468 TickProc Error #401 C0000005
13:02:04.562 TickProc Error #401 C0000005
13:02:04.671 TickProc Error #401 C0000005
13:02:04.703 TickProc Error #401 C0000005
13:02:04.765 TickProc Error #401 C0000005
13:02:04.796 TickProc Error #401 C0000005
13:02:04.890 TickProc Error #401 C0000005
13:02:04.984 TickProc Error #401 C0000005
13:02:04.078 TickProc Error #401 C0000005
13:02:04.171 TickProc Error #401 C0000005
13:02:05.265 TickProc Error #401 C0000005
13:02:05.375 TickProc Error #401 C0000005
13:02:05.468 TickProc Error #401 C0000005
13:02:05.531 TickProc Error #401 C0000005
13:02:05.562 TickProc Error #401 C0000005
13:02:05.687 TickProc Error #401 C0000005
13:02:05.781 TickProc Error #401 C0000005
13:02:05.875 TickProc Error #401 C0000005
13:02:05.984 TickProc Error #401 C0000005
13:02:05.078 TickProc Error #401 C0000005
13:02:05.140 TickProc Error #401 C0000005
13:02:05.171 TickProc Error #401 C0000005
13:02:06.265 TickProc Error #401 C0000005
13:02:06.390 TickProc Error #401 C0000005
13:02:06.484 TickProc Error #401 C0000005
13:02:06.578 TickProc Error #401 C0000005
13:02:06.687 TickProc Error #401 C0000005
13:02:06.781 TickProc Error #401 C0000005
13:02:06.843 TickProc Error #401 C0000005
13:02:06.875 TickProc Error #401 C0000005
13:02:06.937 TickProc Error #401 C0000005
13:02:06.968 TickProc Error #401 C0000005
13:02:06.031 TickProc Error #401 C0000005
13:02:06.062 TickProc Error #401 C0000005
13:02:06.125 TickProc Error #401 C0000005
13:02:06.187 TickProc Error #401 C0000005
13:02:07.281 TickProc Error #401 C0000005
13:02:07.390 TickProc Error #401 C0000005
13:02:07.484 TickProc Error #401 C0000005
13:02:07.578 TickProc Error #401 C0000005
13:02:07.671 TickProc Error #401 C0000005
13:02:07.703 TickProc Error #401 C0000005
13:02:07.765 TickProc Error #401 C0000005
13:02:07.890 TickProc Error #401 C0000005
13:02:07.000 TickProc Error #401 C0000005
13:02:07.062 TickProc Error #401 C0000005
13:02:07.156 TickProc Error #401 C0000005
13:02:07.187 TickProc Error #401 C0000005
13:02:08.250 TickProc Error #401 C0000005
13:02:08.281 TickProc Error #401 C0000005
13:02:08.312 TickProc Error #401 C0000005
13:02:08.375 TickProc Error #401 C0000005
13:02:08.406 TickProc Error #401 C0000005
13:02:08.468 TickProc Error #401 C0000005
13:02:08.500 TickProc Error #401 C0000005
13:02:09.781 TickProc Error #401 C0000005
13:02:09.875 TickProc Error #401 C0000005
13:02:09.984 TickProc Error #401 C0000005
13:02:09.078 TickProc Error #401 C0000005
13:02:09.171 TickProc Error #401 C0000005
13:02:10.265 TickProc Error #401 C0000005
13:02:10.390 TickProc Error #401 C0000005
13:02:10.484 TickProc Error #401 C0000005
13:02:10.546 TickProc Error #401 C0000005
13:02:10.578 TickProc Error #401 C0000005
13:02:10.625 TickProc Error #401 C0000005
13:02:10.687 TickProc Error #401 C0000005
13:02:10.781 TickProc Error #401 C0000005
13:02:10.875 TickProc Error #401 C0000005
13:02:10.968 TickProc Error #401 C0000005
13:02:10.062 TickProc Error #401 C0000005
13:02:10.187 TickProc Error #401 C0000005
13:02:11.296 TickProc Error #401 C0000005
13:02:11.359 TickProc Error #401 C0000005
13:02:11.390 TickProc Error #401 C0000005
13:02:11.453 TickProc Error #401 C0000005
13:02:11.484 TickProc Error #401 C0000005
13:02:11.546 TickProc Error #401 C0000005
13:02:11.578 TickProc Error #401 C0000005
13:02:11.671 TickProc Error #401 C0000005
13:02:11.703 TickProc Error #401 C0000005
13:02:11.765 TickProc Error #401 C0000005
13:02:11.890 TickProc Error #401 C0000005
13:02:11.921 TickProc Error #401 C0000005
13:02:11.968 TickProc Error #401 C0000005
13:02:11.031 TickProc Error #401 C0000005
13:02:11.062 TickProc Error #401 C0000005
13:02:11.125 TickProc Error #401 C0000005
13:02:11.187 TickProc Error #401 C0000005
13:02:12.218 TickProc Error #401 C0000005
13:02:12.281 TickProc Error #401 C0000005
13:02:12.375 TickProc Error #401 C0000005
13:02:12.468 TickProc Error #401 C0000005
13:02:12.562 TickProc Error #401 C0000005
13:02:12.671 TickProc Error #401 C0000005
13:02:12.984 TickProc Error #401 C0000005
13:02:12.078 TickProc Error #401 C0000005
13:02:12.140 TickProc Error #401 C0000005
13:02:12.171 TickProc Error #401 C0000005
13:02:13.265 TickProc Error #401 C0000005
13:02:13.375 TickProc Error #401 C0000005
13:02:13.468 TickProc Error #401 C0000005
13:02:15.187 TickProc Error #401 C0000005
13:02:16.281 TickProc Error #401 C0000005
13:02:16.375 TickProc Error #401 C0000005
13:02:16.468 TickProc Error #401 C0000005
13:30:26.265 TickProc Error #401 C0000005
13:30:26.390 TickProc Error #401 C0000005
13:30:26.484 TickProc Error #401 C0000005
13:30:26.578 TickProc Error #401 C0000005
13:30:26.687 TickProc Error #401 C0000005
13:30:26.781 TickProc Error #401 C0000005
13:30:26.843 TickProc Error #401 C0000005
13:30:26.875 TickProc Error #401 C0000005
13:30:26.906 TickProc Error #401 C0000005
13:30:26.968 TickProc Error #401 C0000005
13:30:26.000 TickProc Error #401 C0000005
13:30:26.062 TickProc Error #401 C0000005
13:30:26.125 TickProc Error #401 C0000005
13:30:26.187 TickProc Error #401 C0000005
13:30:27.250 TickProc Error #401 C0000005
13:30:27.281 TickProc Error #401 C0000005
13:30:27.359 TickProc Error #401 C0000005
13:30:27.390 TickProc Error #401 C0000005
13:30:27.453 TickProc Error #401 C0000005
13:30:27.484 TickProc Error #401 C0000005
13:30:27.515 TickProc Error #401 C0000005
13:30:27.578 TickProc Error #401 C0000005
13:30:27.609 TickProc Error #401 C0000005
13:30:27.671 TickProc Error #401 C0000005
13:30:27.703 TickProc Error #401 C0000005
13:30:27.765 TickProc Error #401 C0000005
13:30:27.890 TickProc Error #401 C0000005
13:30:27.000 TickProc Error #401 C0000005
13:30:27.062 TickProc Error #401 C0000005
13:30:27.093 TickProc Error #401 C0000005
13:30:27.156 TickProc Error #401 C0000005
13:30:27.187 TickProc Error #401 C0000005
13:30:28.250 TickProc Error #401 C0000005
13:30:28.281 TickProc Error #401 C0000005
13:30:28.953 TickProc Error #401 C0000005
13:30:28.984 TickProc Error #401 C0000005
13:30:28.078 TickProc Error #401 C0000005
13:30:28.171 TickProc Error #401 C0000005
13:30:29.281 TickProc Error #401 C0000005
13:30:29.375 TickProc Error #401 C0000005
13:30:29.468 TickProc Error #401 C0000005
13:30:29.531 TickProc Error #401 C0000005
13:30:29.562 TickProc Error #401 C0000005
13:30:29.687 TickProc Error #401 C0000005
13:30:29.718 TickProc Error #401 C0000005
13:30:29.781 TickProc Error #401 C0000005
13:30:29.875 TickProc Error #401 C0000005
13:30:29.937 TickProc Error #401 C0000005
13:30:29.984 TickProc Error #401 C0000005
13:30:29.078 TickProc Error #401 C0000005
13:30:29.140 TickProc Error #401 C0000005
13:30:29.171 TickProc Error #401 C0000005
17:44:51.796 TickProc Error #401 C0000005
17:44:51.828 TickProc Error #401 C0000005
17:44:51.921 TickProc Error #401 C0000005
17:44:51.031 TickProc Error #401 C0000005
17:44:51.125 TickProc Error #401 C0000005
17:44:52.218 TickProc Error #401 C0000005
17:44:52.343 TickProc Error #401 C0000005
17:44:52.437 TickProc Error #401 C0000005
17:44:52.468 TickProc Error #401 C0000005
17:44:52.531 TickProc Error #401 C0000005
17:44:52.828 TickProc Error #401 C0000005
17:44:52.921 TickProc Error #401 C0000005
17:44:52.046 TickProc Error #401 C0000005
17:44:52.140 TickProc Error #401 C0000005
17:44:53.234 TickProc Error #401 C0000005
17:44:53.343 TickProc Error #401 C0000005
17:44:53.437 TickProc Error #401 C0000005
17:44:53.468 TickProc Error #401 C0000005
17:44:53.531 TickProc Error #401 C0000005
17:44:53.625 TickProc Error #401 C0000005
17:44:53.718 TickProc Error #401 C0000005
17:44:53.843 TickProc Error #401 C0000005
17:44:53.937 TickProc Error #401 C0000005
17:44:53.046 TickProc Error #401 C0000005
17:44:53.140 TickProc Error #401 C0000005
17:44:54.234 TickProc Error #401 C0000005
17:44:54.296 TickProc Error #401 C0000005
17:44:54.328 TickProc Error #401 C0000005
17:44:54.390 TickProc Error #401 C0000005
17:44:54.421 TickProc Error #401 C0000005
17:44:54.484 TickProc Error #401 C0000005
17:44:54.546 TickProc Error #401 C0000005
17:44:54.578 TickProc Error #401 C0000005
17:44:54.656 TickProc Error #401 C0000005
17:44:54.718 TickProc Error #401 C0000005
17:44:54.750 TickProc Error #401 C0000005
17:44:54.843 TickProc Error #401 C0000005
17:44:54.937 TickProc Error #401 C0000005
17:44:54.031 TickProc Error #401 C0000005
17:44:54.125 TickProc Error #401 C0000005
17:44:55.218 TickProc Error #401 C0000005
17:44:55.328 TickProc Error #401 C0000005
17:44:55.390 TickProc Error #401 C0000005
17:44:55.421 TickProc Error #401 C0000005
17:44:55.484 TickProc Error #401 C0000005
17:44:55.546 TickProc Error #401 C0000005
17:44:55.640 TickProc Error #401 C0000005
17:44:55.734 TickProc Error #401 C0000005
17:44:55.828 TickProc Error #401 C0000005
17:44:55.921 TickProc Error #401 C0000005
17:44:55.000 TickProc Error #401 C0000005
17:44:55.031 TickProc Error #401 C0000005
17:44:55.093 TickProc Error #401 C0000005
17:44:55.125 TickProc Error #401 C0000005
17:44:55.187 TickProc Error #401 C0000005
17:44:56.218 TickProc Error #401 C0000005
17:44:56.437 TickProc Error #401 C0000005
17:44:56.531 TickProc Error #401 C0000005
17:44:56.625 TickProc Error #401 C0000005
17:44:56.734 TickProc Error #401 C0000005
17:44:56.828 TickProc Error #401 C0000005
17:44:56.921 TickProc Error #401 C0000005
17:44:56.046 TickProc Error #401 C0000005
17:44:56.109 TickProc Error #401 C0000005
17:44:56.140 TickProc Error #401 C0000005
17:44:56.203 TickProc Error #401 C0000005
17:44:57.234 TickProc Error #401 C0000005
17:44:57.312 TickProc Error #401 C0000005
17:44:57.343 TickProc Error #401 C0000005
18:31:49.765 TickProc Error #401 C0000005
18:31:49.859 TickProc Error #401 C0000005
18:31:49.921 TickProc Error #401 C0000005
18:31:49.968 TickProc Error #401 C0000005
18:31:49.062 TickProc Error #401 C0000005
18:31:49.156 TickProc Error #401 C0000005
18:31:49.250 TickProc Error #401 C0000005
18:31:49.343 TickProc Error #401 C0000005
18:31:52.546 TickProc Error #401 C0000005
18:31:52.640 TickProc Error #401 C0000005
18:31:52.750 TickProc Error #401 C0000005
18:31:52.843 TickProc Error #401 C0000005
18:31:52.937 TickProc Error #401 C0000005
18:31:52.062 TickProc Error #401 C0000005
18:31:52.156 TickProc Error #401 C0000005
18:31:52.250 TickProc Error #401 C0000005
18:31:52.359 TickProc Error #401 C0000005
18:31:53.453 TickProc Error #401 C0000005
18:31:53.484 TickProc Error #401 C0000005
18:31:53.546 TickProc Error #401 C0000005
18:31:53.640 TickProc Error #401 C0000005
18:31:53.734 TickProc Error #401 C0000005
18:31:53.765 TickProc Error #401 C0000005
18:31:53.859 TickProc Error #401 C0000005
18:31:53.968 TickProc Error #401 C0000005
18:31:53.062 TickProc Error #401 C0000005
18:31:53.156 TickProc Error #401 C0000005
18:31:53.218 TickProc Error #401 C0000005
18:31:53.250 TickProc Error #401 C0000005
18:31:53.343 TickProc Error #401 C0000005
18:31:53.375 TickProc Error #401 C0000005
18:31:54.671 TickProc Error #401 C0000005
18:31:54.765 TickProc Error #401 C0000005
18:31:54.859 TickProc Error #401 C0000005
18:31:54.953 TickProc Error #401 C0000005
18:31:54.046 TickProc Error #401 C0000005
18:31:54.078 TickProc Error #401 C0000005
18:31:54.140 TickProc Error #401 C0000005
18:31:54.281 TickProc Error #401 C0000005
18:31:54.343 TickProc Error #401 C0000005
18:31:55.437 TickProc Error #401 C0000005
18:31:55.500 TickProc Error #401 C0000005
18:31:55.562 TickProc Error #401 C0000005
18:31:55.656 TickProc Error #401 C0000005
18:31:55.265 TickProc Error #401 C0000005
18:31:55.359 TickProc Error #401 C0000005
18:31:56.453 TickProc Error #401 C0000005
18:31:56.546 TickProc Error #401 C0000005
18:31:56.656 TickProc Error #401 C0000005
18:31:56.718 TickProc Error #401 C0000005
18:31:56.750 TickProc Error #401 C0000005
18:31:56.812 TickProc Error #401 C0000005
18:31:56.843 TickProc Error #401 C0000005
18:31:56.906 TickProc Error #401 C0000005
18:31:56.937 TickProc Error #401 C0000005
18:31:56.000 TickProc Error #401 C0000005
18:31:56.062 TickProc Error #401 C0000005
18:31:56.156 TickProc Error #401 C0000005
18:31:56.250 TickProc Error #401 C0000005
18:31:56.359 TickProc Error #401 C0000005
18:31:56.390 TickProc Error #401 C0000005
18:31:57.453 TickProc Error #401 C0000005
18:31:57.546 TickProc Error #401 C0000005
18:31:57.031 TickProc Error #401 C0000005
18:31:57.062 TickProc Error #401 C0000005
18:31:57.093 TickProc Error #401 C0000005
18:31:57.156 TickProc Error #401 C0000005
18:31:57.187 TickProc Error #401 C0000005
18:31:57.250 TickProc Error #401 C0000005
18:31:57.343 TickProc Error #401 C0000005
18:31:58.437 TickProc Error #401 C0000005
18:31:58.562 TickProc Error #401 C0000005
18:31:58.671 TickProc Error #401 C0000005
18:31:58.765 TickProc Error #401 C0000005
18:31:58.859 TickProc Error #401 C0000005
18:31:58.921 TickProc Error #401 C0000005
18:31:58.953 TickProc Error #401 C0000005
18:31:58.015 TickProc Error #401 C0000005
18:31:58.046 TickProc Error #401 C0000005
18:31:58.109 TickProc Error #401 C0000005
18:31:58.140 TickProc Error #401 C0000005
18:31:59.781 TickProc Error #401 C0000005
18:31:59.843 TickProc Error #401 C0000005
02:38:51.406 TickProc Error #401 C0000005
02:38:51.468 TickProc Error #401 C0000005
02:38:51.500 TickProc Error #401 C0000005
02:38:51.593 TickProc Error #401 C0000005
02:38:51.687 TickProc Error #401 C0000005
02:38:51.812 TickProc Error #401 C0000005
02:38:51.906 TickProc Error #401 C0000005
02:38:51.984 TickProc Error #401 C0000005
02:38:51.015 TickProc Error #401 C0000005
02:38:51.109 TickProc Error #401 C0000005
02:38:51.203 TickProc Error #401 C0000005
02:38:51.296 TickProc Error #401 C0000005
02:38:51.359 TickProc Error #401 C0000005
02:38:52.390 TickProc Error #401 C0000005
02:38:52.484 TickProc Error #401 C0000005
02:38:52.546 TickProc Error #401 C0000005
02:38:52.609 TickProc Error #401 C0000005
02:38:52.656 TickProc Error #401 C0000005
02:38:52.687 TickProc Error #401 C0000005
02:38:52.156 TickProc Error #401 C0000005
02:38:52.187 TickProc Error #401 C0000005
02:38:52.328 TickProc Error #401 C0000005
02:38:52.390 TickProc Error #401 C0000005
02:38:53.484 TickProc Error #401 C0000005
02:38:53.609 TickProc Error #401 C0000005
02:38:53.640 TickProc Error #401 C0000005
02:38:53.703 TickProc Error #401 C0000005
02:38:53.796 TickProc Error #401 C0000005
02:38:53.890 TickProc Error #401 C0000005
02:38:53.921 TickProc Error #401 C0000005
02:38:53.000 TickProc Error #401 C0000005
02:38:53.093 TickProc Error #401 C0000005
02:38:53.156 TickProc Error #401 C0000005
02:38:53.187 TickProc Error #401 C0000005
02:38:53.312 TickProc Error #401 C0000005
02:38:54.812 TickProc Error #401 C0000005
02:38:54.812 TickProc Error #401 C0000005
02:38:54.859 TickProc Error #401 C0000005
02:38:54.890 TickProc Error #401 C0000005
02:38:54.921 TickProc Error #401 C0000005
02:38:54.953 TickProc Error #401 C0000005
02:38:54.984 TickProc Error #401 C0000005
02:38:54.109 TickProc Error #401 C0000005
02:38:54.171 TickProc Error #401 C0000005
02:38:54.203 TickProc Error #401 C0000005
02:38:54.296 TickProc Error #401 C0000005
02:38:54.343 TickProc Error #401 C0000005
02:38:55.406 TickProc Error #401 C0000005
02:39:01.703 TickProc Error #401 C0000005
02:39:01.796 TickProc Error #401 C0000005
02:39:01.890 TickProc Error #401 C0000005
02:39:01.000 TickProc Error #401 C0000005
02:39:01.093 TickProc Error #401 C0000005
02:39:01.125 TickProc Error #401 C0000005
02:39:01.187 TickProc Error #401 C0000005
02:39:01.312 TickProc Error #401 C0000005
02:39:02.406 TickProc Error #401 C0000005
02:39:02.500 TickProc Error #401 C0000005
02:39:02.531 TickProc Error #401 C0000005
02:39:02.593 TickProc Error #401 C0000005
02:39:02.640 TickProc Error #401 C0000005
02:39:02.703 TickProc Error #401 C0000005
02:39:02.796 TickProc Error #401 C0000005
02:39:02.890 TickProc Error #401 C0000005
02:39:02.953 TickProc Error #401 C0000005
02:39:02.984 TickProc Error #401 C0000005
02:39:02.046 TickProc Error #401 C0000005
02:39:02.109 TickProc Error #401 C0000005
02:39:02.171 TickProc Error #401 C0000005
02:39:02.203 TickProc Error #401 C0000005
02:39:02.312 TickProc Error #401 C0000005
02:39:03.406 TickProc Error #401 C0000005
02:39:03.500 TickProc Error #401 C0000005
02:39:03.562 TickProc Error #401 C0000005
02:39:03.593 TickProc Error #401 C0000005
02:39:03.625 TickProc Error #401 C0000005
02:39:03.687 TickProc Error #401 C0000005
02:39:03.718 TickProc Error #401 C0000005
02:39:03.812 TickProc Error #401 C0000005
02:39:03.906 TickProc Error #401 C0000005
02:39:03.984 TickProc Error #401 C0000005
02:39:03.078 TickProc Error #401 C0000005
02:39:03.109 TickProc Error #401 C0000005
02:39:03.171 TickProc Error #401 C0000005
02:39:03.203 TickProc Error #401 C0000005
02:39:03.234 TickProc Error #401 C0000005
02:39:03.296 TickProc Error #401 C0000005
02:39:03.328 TickProc Error #401 C0000005
02:39:04.390 TickProc Error #401 C0000005
02:39:04.500 TickProc Error #401 C0000005
02:39:04.609 TickProc Error #401 C0000005
02:39:04.687 TickProc Error #401 C0000005
02:39:04.812 TickProc Error #401 C0000005
02:39:04.843 TickProc Error #401 C0000005
02:39:04.906 TickProc Error #401 C0000005
02:39:04.937 TickProc Error #401 C0000005
02:39:04.000 TickProc Error #401 C0000005
02:39:04.031 TickProc Error #401 C0000005
02:39:04.093 TickProc Error #401 C0000005
02:39:04.125 TickProc Error #401 C0000005
02:39:04.328 TickProc Error #401 C0000005
02:39:04.390 TickProc Error #401 C0000005
02:39:05.484 TickProc Error #401 C0000005
02:39:05.609 TickProc Error #401 C0000005
02:39:05.703 TickProc Error #401 C0000005
02:39:05.796 TickProc Error #401 C0000005
02:39:05.890 TickProc Error #401 C0000005
02:39:05.000 TickProc Error #401 C0000005
02:39:05.062 TickProc Error #401 C0000005
02:39:05.093 TickProc Error #401 C0000005
02:39:05.187 TickProc Error #401 C0000005
02:39:05.312 TickProc Error #401 C0000005
02:39:06.406 TickProc Error #401 C0000005
02:39:06.500 TickProc Error #401 C0000005
02:39:06.531 TickProc Error #401 C0000005
02:39:06.593 TickProc Error #401 C0000005
02:39:06.640 TickProc Error #401 C0000005
02:39:06.703 TickProc Error #401 C0000005
02:39:06.734 TickProc Error #401 C0000005
02:39:06.796 TickProc Error #401 C0000005
02:39:06.890 TickProc Error #401 C0000005
02:39:06.984 TickProc Error #401 C0000005
02:39:06.078 TickProc Error #401 C0000005
02:39:06.109 TickProc Error #401 C0000005
02:39:07.875 TickProc Error #401 C0000005
02:39:07.906 TickProc Error #401 C0000005
02:39:07.015 TickProc Error #401 C0000005
02:39:07.109 TickProc Error #401 C0000005
02:39:07.203 TickProc Error #401 C0000005
02:39:07.296 TickProc Error #401 C0000005
02:39:08.390 TickProc Error #401 C0000005
02:39:08.484 TickProc Error #401 C0000005
02:39:08.546 TickProc Error #401 C0000005
02:39:08.625 TickProc Error #401 C0000005
02:39:08.687 TickProc Error #401 C0000005
02:39:08.812 TickProc Error #401 C0000005
02:39:08.906 TickProc Error #401 C0000005
02:39:08.968 TickProc Error #401 C0000005
02:39:08.000 TickProc Error #401 C0000005
02:39:08.062 TickProc Error #401 C0000005
02:39:08.093 TickProc Error #401 C0000005
02:39:08.187 TickProc Error #401 C0000005
02:39:08.328 TickProc Error #401 C0000005
02:39:08.390 TickProc Error #401 C0000005
02:39:09.484 TickProc Error #401 C0000005
02:39:09.609 TickProc Error #401 C0000005
02:39:09.640 TickProc Error #401 C0000005
02:39:09.703 TickProc Error #401 C0000005
02:39:09.796 TickProc Error #401 C0000005
02:39:09.890 TickProc Error #401 C0000005
02:39:09.000 TickProc Error #401 C0000005
02:39:09.093 TickProc Error #401 C0000005
02:39:09.156 TickProc Error #401 C0000005
02:39:09.187 TickProc Error #401 C0000005
02:39:09.281 TickProc Error #401 C0000005
02:39:09.312 TickProc Error #401 C0000005
02:39:10.406 TickProc Error #401 C0000005
02:39:10.312 TickProc Error #401 C0000005
02:39:11.406 TickProc Error #401 C0000005
02:39:11.500 TickProc Error #401 C0000005
02:39:11.593 TickProc Error #401 C0000005
02:39:11.687 TickProc Error #401 C0000005
02:39:11.750 TickProc Error #401 C0000005
02:39:11.812 TickProc Error #401 C0000005
02:39:11.843 TickProc Error #401 C0000005
02:39:11.906 TickProc Error #401 C0000005
02:39:11.015 TickProc Error #401 C0000005
02:39:11.109 TickProc Error #401 C0000005
02:39:11.203 TickProc Error #401 C0000005
02:39:11.296 TickProc Error #401 C0000005
02:39:12.390 TickProc Error #401 C0000005
02:39:12.453 TickProc Error #401 C0000005
02:39:12.484 TickProc Error #401 C0000005
02:39:12.546 TickProc Error #401 C0000005
02:39:12.625 TickProc Error #401 C0000005
02:39:12.687 TickProc Error #401 C0000005
02:39:12.250 TickProc Error #401 C0000005
02:39:12.328 TickProc Error #401 C0000005
02:39:12.390 TickProc Error #401 C0000005
02:39:13.484 TickProc Error #401 C0000005
02:39:13.609 TickProc Error #401 C0000005
02:39:13.703 TickProc Error #401 C0000005
02:39:13.796 TickProc Error #401 C0000005
02:39:13.859 TickProc Error #401 C0000005
02:39:13.890 TickProc Error #401 C0000005
02:39:13.921 TickProc Error #401 C0000005
02:39:13.000 TickProc Error #401 C0000005
02:39:14.640 TickProc Error #401 C0000005
02:39:14.703 TickProc Error #401 C0000005
02:39:14.734 TickProc Error #401 C0000005
02:39:14.796 TickProc Error #401 C0000005
02:39:14.890 TickProc Error #401 C0000005
02:39:14.984 TickProc Error #401 C0000005
02:39:14.078 TickProc Error #401 C0000005
02:39:14.375 TickProc Error #401 C0000005
02:39:15.406 TickProc Error #401 C0000005
02:39:15.437 TickProc Error #401 C0000005
02:39:15.468 TickProc Error #401 C0000005
02:39:15.500 TickProc Error #401 C0000005
02:39:15.593 TickProc Error #401 C0000005
02:39:15.687 TickProc Error #401 C0000005
02:39:15.718 TickProc Error #401 C0000005
02:39:15.812 TickProc Error #401 C0000005
02:39:15.906 TickProc Error #401 C0000005
02:39:17.000 TickProc Error #401 C0000005
02:39:17.093 TickProc Error #401 C0000005
02:39:17.187 TickProc Error #401 C0000005
02:39:17.312 TickProc Error #401 C0000005
02:39:18.406 TickProc Error #401 C0000005
02:39:18.500 TickProc Error #401 C0000005
02:39:18.531 TickProc Error #401 C0000005
02:39:18.609 TickProc Error #401 C0000005
02:39:18.703 TickProc Error #401 C0000005
02:39:18.796 TickProc Error #401 C0000005
02:39:18.859 TickProc Error #401 C0000005
02:39:18.890 TickProc Error #401 C0000005
02:39:18.343 TickProc Error #401 C0000005
02:39:19.406 TickProc Error #401 C0000005
02:39:19.500 TickProc Error #401 C0000005
02:39:19.593 TickProc Error #401 C0000005
02:39:19.687 TickProc Error #401 C0000005
02:39:19.812 TickProc Error #401 C0000005
02:39:19.906 TickProc Error #401 C0000005
02:39:19.015 TickProc Error #401 C0000005
02:39:19.078 TickProc Error #401 C0000005
02:39:19.109 TickProc Error #401 C0000005
02:39:19.140 TickProc Error #401 C0000005
02:39:19.203 TickProc Error #401 C0000005
02:39:19.296 TickProc Error #401 C0000005
02:39:19.359 TickProc Error #401 C0000005
02:39:20.390 TickProc Error #401 C0000005
02:39:20.484 TickProc Error #401 C0000005
02:39:20.609 TickProc Error #401 C0000005
02:39:20.687 TickProc Error #401 C0000005
02:39:20.812 TickProc Error #401 C0000005
02:39:20.906 TickProc Error #401 C0000005
02:39:20.000 TickProc Error #401 C0000005
02:39:20.093 TickProc Error #401 C0000005
02:39:20.187 TickProc Error #401 C0000005
14:14:12.156 Elfbot NG 4.5.9 - Entry Started on Samstag März 07, 2026
14:14:12.156 TickProc Error #401 C0000005
14:14:12.250 TickProc Error #401 C0000005
14:14:12.359 TickProc Error #401 C0000005
14:14:13.453 TickProc Error #401 C0000005
14:14:13.546 TickProc Error #401 C0000005
14:14:13.640 TickProc Error #401 C0000005
14:14:13.734 TickProc Error #401 C0000005
14:14:13.765 TickProc Error #401 C0000005
14:14:19.656 TickProc Error #401 C0000005
14:14:19.750 TickProc Error #401 C0000005
14:14:19.843 TickProc Error #401 C0000005
14:14:19.953 TickProc Error #401 C0000005
14:14:19.046 TickProc Error #401 C0000005
14:14:19.140 TickProc Error #401 C0000005
14:14:19.203 TickProc Error #401 C0000005
14:14:19.234 TickProc Error #401 C0000005
